Time (UTC),ROS Epoch,Latitude,Longitude,Depth,Roll,Pitch,Yaw
2021-03-18-22-59-45,1615828863724965766,0,0,-0.078548307770454281473,-0.015436580602132574797,0.055297567299521330209,-1.9962869310486501817,0,0,0
2021-03-18-22-59-46,1615828864722766078,34.418186187744176152,-119.84988403320292605,-0.072039834101157218527,0.0048974080667562713137,0.068520465076522041326,-2.0039390584428793396,0,0,0
2021-03-18-22-59-47,1615828865721819776,34.418186187744431948,-119.84988403320275552,-0.060431659114876440375,-0.038509157764451455719,0.057415337317408131346,-2.0074372957234727366,0,0,0
2021-03-18-22-59-48,1615828866722142796,34.418186187744353788,-119.84988403320384975,-0.060201780485516005748,-0.028070087278857892149,0.054398720629437048724,-2.0008733898894939252,0,0,0
2021-03-18-22-59-49,1615828867722063525,34.418186187744119309,-119.84988403320315342,-0.055461761613714598285,0.011759085505469189792,0.064345263779333375376,-1.9988332436936175895,0,0,0
2021-03-18-22-59-50,1615828868721774254,34.418186187744083782,-119.84988403320301131,-0.055805927035764965605,0.0044698693108809464322,0.0605071457750177219,-1.9940404226920163122,0,0,0
2021-03-18-22-59-51,1615828869721879931,34.41818618774413352,-119.84988403320313921,-0.043730152393885980688,-0.050102265624961846158,0.056733801241028919415,-1.999176864319109459,0,0,0
2021-03-18-22-59-52,1615828870721835764,34.41818618774413352,-119.84988403320315342,-0.044400226898873497439,-0.005786883321896657377,0.069626971128750742013,-1.9990428372665114409,0,0,0
2021-03-18-22-59-53,1615828871721747690,34.41818618774405536,-119.84988403320301131,-0.035155560392819036608,0.025136146653982269217,0.069324854392046428297,-1.9964952475728083847,0,0,0
2021-03-18-22-59-54,1615828872721851753,34.418186187744034044,-119.84988403320318184,-0.036508756903947524319,-0.0076042040200111791701,0.066813686137125585796,-1.993720978219444051,0,0,0
2021-03-18-22-59-55,1615828873721763627,34.418186187743970095,-119.8498840332023434,-0.033693034077797771875,-0.028308270928696175478,0.060392890048096149747,-1.9964948454635322861,0,0,0
2021-03-18-22-59-56,1615828874721836179,34.418186187744105098,-119.84988403320311079,-0.030704766251384810194,-0.0060732743597982996944,0.049093930130547379365,-1.9883081423331265825,0,0,0
2021-03-18-22-59-57,1615828875721783053,34.418186187744090887,-119.8498840332033808,-0.028391249450576281493,-0.0081706932225685952043,0.04804132528130640456,-1.9871862268056941225,0,0,0
2021-03-18-22-59-58,1615828876721770293,34.41818618774413352,-119.84987640380857954,-0.025738352761704132859,-0.010472075816040662954,0.067768892202151292947,-1.9913824512264883815,0,0,0
2021-03-18-22-59-59,1615828877721905292,34.418186187744026938,-119.84987640380818164,-0.027058665761602561373,-0.031515986306852157572,0.05842177893952144041,-1.9719572671038470002,0,0,0
2021-03-18-23-00-00,1615828878721853990,34.418186187744119309,-119.84987640380857954,-0.022128898303481660953,0.009129351770466790153,0.067295273462621832405,-1.9663892376559879427,0,0,0
2021-03-18-23-00-01,1615828879721751542,34.418186187743735616,-119.84987640380840901,-0.020132496547348784077,0.0040633868259610473814,0.060090183638185905302,-1.9534066329905876991,0,0,0
2021-03-18-23-00-02,1615828880722371541,34.418186187744140625,-119.84987640380857954,-0.021387784739930134487,-0.025661053681338832216,0.059071741304091450464,-1.9461611722970710847,0,0,0
2021-03-18-23-00-03,1615828881722399822,34.418186187743756932,-119.84987640380796847,-0.015695221156320549039,-0.016141252567939499279,0.063436492509510528093,-1.92278306504264207,0,0,0
2021-03-18-23-00-04,1615828882721763051,34.41818618774414773,-119.8498764038089206,-0.017121529753203454383,0.0057028082135781865691,0.066450175991433060863,-1.9194793695490235397,0,0,0
2021-03-18-23-00-05,1615828883721762321,34.418190002441399145,-119.84987640380863638,-0.012574422665809308758,-0.03665937602140739715,0.056891763319140115085,-1.9186115826615817159,0,0,0
2021-03-18-23-00-06,1615828884722227581,34.418190002441278352,-119.84987640380845164,-0.016751939429777595869,-0.012352755933942909106,0.063601130786003726159,-1.9169219442135545517,0,0,0
2021-03-18-23-00-07,1615828885721767425,34.418190002441427566,-119.84987640380902008,-0.013528141541986513433,-0.0097694919351946126612,0.059672100771300813637,-1.915967733029981579,0,0,0
2021-03-18-23-00-08,1615828886721814508,34.418190002441448883,-119.84987640380850848,-0.015039597177283148266,-0.026969322954959927541,0.060297038959690268944,-1.9343144616112228906,0,0,0
2021-03-18-23-00-09,1615828887721869195,34.418190002441434672,-119.8498764038087927,-0.015185480612763837399,-0.011829450428558043254,0.079984214338813058864,-1.9575575587737001904,0,0,0
2021-03-18-23-00-10,1615828888721793830,34.418190002441434672,-119.84987640380835217,-0.014170473461686355215,-0.027789396551656676132,0.059958626633112986626,-1.9664072716694922516,0,0,0
2021-03-18-23-00-11,1615828889721764715,34.418190002441633624,-119.84987640380899165,-0.01579810904931413032,-0.037181964259603760004,0.05956108585697150043,-1.9843509108725010393,0,0,0
2021-03-18-23-00-12,1615828890721802110,34.418193817138693191,-119.84987640380848006,-0.013750300325058502707,-0.016364384291647170871,0.051620136574661634743,-1.9953148154700914851,0,0,0
2021-03-18-23-00-13,1615828891721749662,34.41819381713867898,-119.84987640380812479,-0.017165208280305491867,-0.0034913593594076003379,0.056434188895823141074,-2.0079342278868650418,0,0,0
2021-03-18-23-00-14,1615828892721797422,34.418193817138636348,-119.8498764038086648,-0.013263109685637600871,-0.018056867013033588848,0.070116641761005807365,-2.0385360914425563195,0,0,0
2021-03-18-23-00-15,1615828893721852005,34.418193817138671875,-119.84987640380860796,-0.015918453400644724804,-0.0076639997227692657766,0.070876173619593474395,-2.0374441342497120466,0,0,0
2021-03-18-23-00-16,1615828894721749192,34.418193817138714508,-119.84986877441428987,-0.016377708228343612618,0.011816391980266495454,0.064951488670233883949,-2.0451654063262019179,0,0,0
2021-03-18-23-00-17,1615828895721855494,34.418193817138607926,-119.84986877441421882,-0.01555645773486844137,-0.016920888817012071093,0.052049890584158292617,-2.0531494274783286258,0,0,0
2021-03-18-23-00-18,1615828896721821952,34.418193817138302393,-119.8498687744148441,-0.01542314122048368992,-0.012700306630473301786,0.066165259530565539992,-2.0760696093916122251,0,0,0
2021-03-18-23-00-19,1615828897721842993,34.418197631835916184,-119.84986877441441777,-0.017167543180450474394,0.008143081731475343768,0.066661258718538521362,-2.0844732279316082746,0,0,0
2021-03-18-23-00-20,1615828898721760753,34.418197631835866446,-119.84986877441426145,-0.014559479757540868747,-0.0061640166887559078024,0.069037640000160979681,-2.090072998552435557,0,0,0
2021-03-18-23-00-21,1615828899721798409,34.418197631835930395,-119.8498687744140625,-0.017680250632176756909,-0.021427842991801195754,0.068997705444958312704,-2.1096233632124348212,0,0,0
2021-03-18-23-00-22,1615828900721819815,34.418197631835901973,-119.84986877441436093,-0.017289739102983380653,-0.031364824998679610712,0.056982698918670679489,-2.122627295673343184,0,0,0
2021-03-18-23-00-23,1615828901721795231,34.418197631835916184,-119.84986877441400566,-0.02163841275235804662,-0.026732359851739977835,0.049542484154007401798,-2.1422958029104899325,0,0,0
2021-03-18-23-00-24,1615828902721819293,34.418197631835532491,-119.84986877441383513,-0.021998824025750752381,-0.0058325384491294167758,0.063249951813968904868,-2.1736503517796923468,0,0,0
2021-03-18-23-00-25,1615828903721821897,34.418197631835980133,-119.84986877441416198,-0.021531543018818783547,-0.028602530584180527878,0.059415101547095422463,-2.2039862762472846036,0,0,0
2021-03-18-23-00-26,1615828904721950855,34.418197631835731443,-119.84986877441421882,-0.017376266781636003772,-0.026812470897677430359,0.061990964223841621417,-2.2374945113044617528,0,0,0
2021-03-18-23-00-27,1615828905721883407,34.418197631835980133,-119.84986877441421882,-0.024978185762119426566,-0.018614068289232264114,0.057474546533114241609,-2.2529990111666218233,0,0,0
2021-03-18-23-00-28,1615828906721861219,34.418197631835930395,-119.8498687744140625,-0.01967160185035616432,0.010766564958367296281,0.071184087199040638194,-2.2869950075173877124,0,0,0
2021-03-18-23-00-29,1615828907723306687,34.418197631836228823,-119.8498687744143183,-0.026358491960429459439,-0.045975323780672594509,0.050417141119501601709,-2.312631318738075592,0,0,0
2021-03-18-23-00-30,1615828908721842260,34.418197631835816708,-119.8498687744138067,-0.028529165045534730927,-0.032769229003457231442,0.053540107690763692749,-2.3232288233929461185,0,0,0
2021-03-18-23-00-31,1615828909721814759,34.418197631835930395,-119.8498687744140625,-0.027220817543781316433,0.00079363590375257527226,0.048824369143569183727,-2.3343449504837572306,0,0,0
2021-03-18-23-00-32,1615828910721960123,34.418197631835994343,-119.84986877441409092,-0.020991882547366357004,-0.0058012772485088997393,0.066766043148354492498,-2.3597290911804598146,0,0,0
2021-03-18-23-00-33,1615828911721732154,34.418197631835774075,-119.84986877441386355,-0.026744637004998128571,-0.024964981919825244422,0.069877601407844019965,-2.3642021673864221931,0,0,0
2021-03-18-23-00-34,1615828912721948352,34.418197631836058292,-119.84986877441436093,-0.026684448863989542605,0.010769841445671869684,0.065920251818740505101,-2.3738524894904022844,0,0,0
2021-03-18-23-00-35,1615828913721803924,34.41819763183427483,-119.84986877441228614,-0.031357164585969508896,0.0032257479625207741841,0.047401488777482035653,-2.3734224566672028622,0,0,0
2021-03-18-23-00-36,1615828914721822101,34.418197631835568018,-119.84986877441464515,-0.032437545083724858563,-0.028299034103756025293,0.053635404026180180659,-2.3854927041691951217,0,0,0
2021-03-18-23-00-37,1615828915721829861,34.41819763183626435,-119.84986114501938914,-0.030370295162216218166,-0.0096588881770951345862,0.068489228555870210191,-2.3960958494921880124,0,0,0
2021-03-18-23-00-38,1615828916721815954,34.418197631835916184,-119.84986114501961652,-0.028798093066261548634,0.0078028342669283099961,0.069557765168173565917,-2.3946743703687367599,0,0,0
2021-03-18-23-00-39,1615828917722099600,34.418197631836029871,-119.84986114501955967,-0.035618323654726398442,-0.019774122061860670979,0.052613791033273828168,-2.3882346386004749128,0,0,0
2021-03-18-23-00-40,1615828918721767256,34.418197631836029871,-119.84986114501981547,-0.030372670913278033977,-0.039207704578300195397,0.048961778774827650895,-2.3862045843151427071,0,0,0
2021-03-18-23-00-41,1615828919721741995,34.418197631835866446,-119.84986114501961652,-0.034422376878734992078,-0.010192363613008698781,0.046568755824980087588,-2.3752538352293894874,0,0,0
2021-03-18-23-00-42,1615828920721748401,34.418197631836910944,-119.84986114502058285,-0.034366344030721161784,0.028866823030939719325,0.063721812802666449871,-2.3721136935591111694,0,0,0
2021-03-18-23-00-43,1615828921721721161,34.418197631836136452,-119.84986114501987231,-0.035937971273863417165,-0.012542521313130531105,0.066843078491488613913,-2.3736947043653340295,0,0,0
2021-03-18-23-00-44,1615828922721764286,34.418197631835703021,-119.84986114501943177,-0.035316231642261192158,-0.036255705827467871183,0.050765753162922616637,-2.3571155050262513342,0,0,0
2021-03-18-23-00-45,1615828923721799650,34.418197631835880657,-119.84986114501955967,-0.035386575109412808648,0.015628936922662605563,0.067133328396716818176,-2.3637896999730845238,0,0,0
2021-03-18-23-00-46,1615828924722019597,34.418197631835646177,-119.84986114501865018,-0.035497683374786030697,0.01116036816387532167,0.067017268037580110529,-2.3587431661327271648,0,0,0
2021-03-18-23-00-47,1615828925721764857,34.4181976318359375,-119.84986114501954546,-0.040478790413023595096,-0.020309221077094211788,0.065044438119043423985,-2.3717136329901911118,0,0,0
2021-03-18-23-00-48,1615828926721824701,34.418197631835930395,-119.84985351562498579,-0.037501695244926872008,-0.010556687373604158389,0.07310025663035135679,-2.371995223343001058,0,0,0
2021-03-18-23-00-49,1615828927722080377,34.418197631835930395,-119.84985351562498579,-0.038605085558061816298,-0.0023041707796193199725,0.050894832614159050965,-2.3631414362569209686,0,0,0
2021-03-18-23-00-50,1615828928721847564,34.418201446533217336,-119.84985351562559686,-0.044342677137388181174,-0.0045229054828999186444,0.067182697492240567305,-2.3728375923651943147,0,0,0
2021-03-18-23-00-51,1615828929721828085,34.418201446533203125,-119.84985351562498579,-0.046583175373441892964,-0.0040877464246872078843,0.070811331424805890045,-2.3769104635284143967,0,0,0
2021-03-18-23-00-52,1615828930721738189,34.418201446533188914,-119.84985351562485789,-0.040953386766621621695,-0.012210793694907301141,0.05782151528836435711,-2.3669162900459239651,0,0,0
2021-03-18-23-00-53,1615828931721773657,34.418201446533217336,-119.84985351562497158,-0.044324379703486620208,-0.018964502436776164984,0.054042281757819568555,-2.3749164584561968105,0,0,0
2021-03-18-23-00-54,1615828932721860584,34.418201446533245758,-119.84985351562504263,-0.044293884356057751372,-0.0027132274519758099902,0.065373911108897050926,-2.3820501274200256425,0,0,0
2021-03-18-23-00-55,1615828933721780010,34.418201446533245758,-119.84985351562501421,-0.048136142268025913782,-0.009055312839061739616,0.053151192911491423887,-2.387598012732777164,0,0,0
2021-03-18-23-00-56,1615828934721846104,34.418201446533245758,-119.84985351562504263,-0.046115768466706487383,0.0012638532136637695147,0.063352316111972728496,-2.3942439899876677423,0,0,0
2021-03-18-23-00-57,1615828935721869020,34.418201446533174703,-119.84985351562497158,-0.048712033656176663421,-0.010695861180378079744,0.069480730966273121507,-2.3988075094332592663,0,0,0
2021-03-18-23-00-58,1615828936721913395,34.418201446533203125,-119.84985351562498579,-0.04732140563688388285,-0.027663610688600924481,0.063005612503554242476,-2.3926575464840431628,0,0,0
2021-03-18-23-00-59,1615828937721749801,34.418201446533309706,-119.84985351562491473,-0.047640078797158057211,-0.01143839872988063229,0.051172655074280933019,-2.3974405413680415222,0,0,0
2021-03-18-23-01-00,1615828938721789436,34.418201446533245758,-119.84985351562497158,-0.048422681254544339136,-0.010876791240195068933,0.047480294598549466212,-2.3949108154038580842,0,0,0
2021-03-18-23-01-01,1615828939721867404,34.418201446533203125,-119.84985351562498579,-0.05305953322579898962,-0.003318962167084546673,0.063671042330191926495,-2.4122991875160226805,0,0,0
2021-03-18-23-01-02,1615828940722895945,34.418201446533167598,-119.84985351562504263,-0.052992078242607321137,-0.023345637126875283529,0.049306940858726458488,-2.4098325117088390535,0,0,0
2021-03-18-23-01-03,1615828941721765424,34.418201446533167598,-119.84985351562494316,-0.054608676031472590251,-0.02132619605673297114,0.055097181966232124106,-2.4118078901379575996,0,0,0
2021-03-18-23-01-04,1615828942721916674,34.418201446533281285,-119.8498535156255258,-0.054777062151008006075,0.0028051691392842761051,0.049464283087275594253,-2.4171111523926578357,0,0,0
2021-03-18-23-01-05,1615828943722146882,34.418201446533174703,-119.84985351562498579,-0.054119199542929152802,0.003134769718802615443,0.065469062819784193397,-2.421500374343740436,0,0,0
2021-03-18-23-01-06,1615828944721762819,34.418201446533124965,-119.84985351562501421,-0.054792845852573851539,-0.0051837878228189332441,0.063165656550663862312,-2.4273351186281582059,0,0,0
2021-03-18-23-01-07,1615828945721753652,34.418201446533160492,-119.84984588623143509,-0.051984718997902898407,-0.014837479470456479969,0.045456632530822833893,-2.4216575771436592568,0,0,0
2021-03-18-23-01-08,1615828946722040370,34.418201446533259968,-119.84984588623059665,-0.057927645901774481307,-0.0051756554655181703783,0.046916083721481788293,-2.4245994420970071737,0,0,0
2021-03-18-23-01-09,1615828947721887193,34.418201446533224441,-119.84984588623041191,-0.055281472777988636957,-0.024529550294276926403,0.049456196427478948952,-2.4271139867203532781,0,0,0
2021-03-18-23-01-10,1615828948721737036,34.418201446533238652,-119.84984588623051138,-0.057636837806233930104,-0.00041812505717186092659,0.063447217883414896988,-2.437467763965660783,0,0,0
2021-03-18-23-01-11,1615828949721876619,34.418201446533181809,-119.84984588623062507,-0.057636576616540341478,-0.0021014604748596250189,0.046605078593029390654,-2.4335122393893939829,0,0,0
2021-03-18-23-01-12,1615828950722156254,34.418201446533032595,-119.8498458862306677,-0.064776349137218650065,-0.021884831218346459392,0.051501539955131840631,-2.4349899227712077376,0,0,0
2021-03-18-23-01-13,1615828951721764483,34.418201446533217336,-119.84984588623049717,-0.062181172815681778898,-0.014754750377611692419,0.048692145128423791611,-2.4383529698477111047,0,0,0
2021-03-18-23-01-14,1615828952721768493,34.418201446533181809,-119.84984588623107982,-0.061830818916216646886,0.0077635718170599565119,0.065137236168085976828,-2.4467866285674837457,0,0,0
2021-03-18-23-01-15,1615828953721904065,34.4182014465330397,-119.84984588623031243,-0.064639213006674203776,-0.011759687658289903062,0.067546692668696908801,-2.447506743544904495,0,0,0
2021-03-18-23-01-16,1615828954721792607,34.418201446533188914,-119.84984588623046875,-0.063992443968786963393,-0.0142174443826556373,0.069228355635366306542,-2.4445107243371237971,0,0,0
2021-03-18-23-01-17,1615828955721790419,34.41820144653279101,-119.84984588623031243,-0.066043417342555713057,-0.011386849949541718793,0.046552621120935312737,-2.4348406750051982961,0,0,0
2021-03-18-23-01-18,1615828956721819533,34.418201446533238652,-119.84983825683589487,-0.062977452289955909714,-0.0017222000473114033956,0.064354919173794850051,-2.4434578215544302537,0,0,0
2021-03-18-23-01-19,1615828957721766356,34.418205261230475855,-119.8498382568359375,-0.067059649692906370122,-0.0010488440822187376257,0.06568254368078853267,-2.431755377221379355,0,0,0
2021-03-18-23-01-20,1615828958721725001,34.418205261230554015,-119.8498382568359375,-0.062995664169409451572,0.0041492167858542929396,0.066989689531145396595,-2.4230117092200669227,0,0,0
2021-03-18-23-01-21,1615828959721760469,34.41820526123046875,-119.84983825683592329,-0.067368805102834217191,-0.0097929995191514303265,0.046155145347080428486,-2.4081716615852646335,0,0,0
2021-03-18-23-01-22,1615828960721829219,34.418205261230490066,-119.84983825683592329,-0.069618981978795860255,-0.028538600598214759752,0.050900289927692063396,-2.4077987238209783705,0,0,0
2021-03-18-23-01-23,1615828961721826354,34.418205261230532699,-119.84983825683586645,-0.069739810345883279652,-0.016138332277222378758,0.047175932457908548168,-2.3922035713705702697,0,0,0
2021-03-18-23-01-24,1615828962721854270,34.41820526123046875,-119.8498382568359375,-0.071572367383147802999,0.002129987075647413533,0.062138462043082542952,-2.3974180659210313493,0,0,0
2021-03-18-23-01-25,1615828963721976093,34.418205261230475855,-119.84983825683582381,-0.067170347344698511094,-0.006665694230086826981,0.048097404890221205631,-2.3762295654172618242,0,0,0
2021-03-18-23-01-26,1615828964721878124,34.41820526123039059,-119.8498382568359375,-0.073107206777969738209,-0.016625302274848409445,0.052486966858259709312,-2.3755713850268000975,0,0,0
2021-03-18-23-01-27,1615828965721729165,34.418205261230596648,-119.84983825683558223,-0.071362710645709787061,-0.021591599042864999258,0.046732363924352253448,-2.3703617512521311106,0,0,0
2021-03-18-23-01-28,1615828966722198019,34.41820526123046875,-119.84983825683582381,-0.073133061081174344231,0.00065756390524281246521,0.061914049782105656794,-2.3585048445912684123,0,0,0
2021-03-18-23-01-29,1615828967722150935,34.418205261230582437,-119.84983825683599434,-0.069226083401859303534,-0.00083489206021600704134,0.064597003942531025511,-2.3579101080930846557,0,0,0
2021-03-18-23-01-30,1615828968721905674,34.418205261230490066,-119.84983825683605119,-0.07256320434887179871,-0.0089238828195085106998,0.042147509724896406458,-2.3437572370456303261,0,0,0
2021-03-18-23-01-31,1615828969721812966,34.418205261230447434,-119.84983062744142046,-0.072537773906731592422,-0.026974001072883665303,0.04941419539611704298,-2.3311258376390613378,0,0,0
2021-03-18-23-01-32,1615828970721864476,34.418205261230376379,-119.84983062744164783,-0.077535203023515755771,0.0050932360645928173234,0.065919354702030821813,-2.3238448690305721911,0,0,0
2021-03-18-23-01-33,1615828971721816871,34.418205261230461645,-119.84983062744124993,-0.073421607535323687999,0.010607262712444351024,0.064670268378582376756,-2.313113712940742861,0,0,0
2021-03-18-23-01-34,1615828972721867339,34.418205261230397696,-119.84983062744122151,-0.074856637395501759991,-0.025063389697048396587,0.055541993185326432592,-2.2989432730647787473,0,0,0
2021-03-18-23-01-35,1615828973721808954,34.418205261228330016,-119.84983062743935989,-0.071854683800175664365,-0.028460879954783267765,0.055376333414650202869,-2.2804850287240632234,0,0,0
2021-03-18-23-01-36,1615828974721775255,34.418205261230291114,-119.84983062744136362,-0.079193144893175887455,0.011349933314646848057,0.066466769238082507032,-2.2648330194443984098,0,0,0
2021-03-18-23-01-37,1615828975721735359,34.418205261230497172,-119.84983062744116467,-0.077831111869689564853,-0.00056859366682803196957,0.062833697227312787503,-2.2571621662417302723,0,0,0
2021-03-18-23-01-38,1615828976721817494,34.418205261230525593,-119.84983062744139204,-0.080813075025608291369,-0.030989763702466355949,0.048373249635512212408,-2.2412015999254495391,0,0,0
2021-03-18-23-01-39,1615828977721876712,34.41820526123054691,-119.84983062744177573,-0.078185205392809237201,-0.024996528588560475159,0.053890423199337823823,-2.2199794314514660343,0,0,0
2021-03-18-23-01-40,1615828978721818222,34.418205261230554015,-119.84983062744144888,-0.080511821874047873049,0.013210800073692682138,0.069091264919819678214,-2.215355466972212195,0,0,0
2021-03-18-23-01-41,1615828979721768118,34.418205261230440328,-119.84983062744134941,-0.082190916132052954657,-0.0092295136533280201091,0.067193085745707301082,-2.2060838725314009245,0,0,0
2021-03-18-23-01-42,1615828980721835930,34.418205261230745862,-119.84983062744184679,-0.085648823602254453569,-0.037909447595419129562,0.051675156184159319606,-2.1944591827088233416,0,0,0
2021-03-18-23-01-43,1615828981721764940,34.418205261230482961,-119.84983062744151994,-0.082392041354293302224,-0.0086154542229363115929,0.057420669304305310687,-2.1790571867803190109,0,0,0
2021-03-18-23-01-44,1615828982721859888,34.418205261230447434,-119.84983062744142046,-0.081662179752155089618,-0.013000276272702861874,0.056718231457082018965,-2.1698700819545551077,0,0,0
2021-03-18-23-01-45,1615828983721732335,34.418205261230852443,-119.84983062744286997,-0.087941987610021726818,-0.03361521420135622773,0.04785349564539002204,-2.1732023847771970715,0,0,0
2021-03-18-23-01-46,1615828984721785720,34.418205261230504277,-119.84983062744149152,-0.084364814035056800989,-0.029381417860027791988,0.051717581086395944534,-2.1563295500203225608,0,0,0
2021-03-18-23-01-47,1615828985721770824,34.41820907592764911,-119.84983062744197468,-0.089380656446939099613,0.01353339475768304892,0.065885849929638751199,-2.1424262217511933493,0,0,0
2021-03-18-23-01-48,1615828986721859001,34.418209075927777008,-119.84983062744144888,-0.087210879680956976401,0.014053701980951179701,0.060161983762594198333,-2.1340841473020417673,0,0,0
2021-03-18-23-01-49,1615828987721763740,34.418209075927961749,-119.84983062744161941,-0.081292507191650958953,-0.015637815843016839717,0.063752133665891858039,-2.1271784994205980013,0,0,0
2021-03-18-23-01-50,1615828988721751187,34.418209075927869378,-119.84982299804707395,-0.087897153218905191285,-0.035084922812212676613,0.059163331609871444572,-2.1082190456984504223,0,0,0
2021-03-18-23-01-51,1615828989721936708,34.418209075927777008,-119.8498229980467471,-0.087758446924365240971,-0.008067819609514368176,0.053663865396893363491,-2.101007022321073503,0,0,0
2021-03-18-23-01-52,1615828990721766239,34.418209075927713059,-119.84982299804684658,-0.086548256751526900232,-0.024427002781656079883,0.056306062829838396389,-2.097173763633687571,0,0,0
2021-03-18-23-01-53,1615828991721798061,34.41820907592781964,-119.84982299804691763,-0.090081995486638311021,-0.020788339839477296134,0.065821566076899262754,-2.0907001358357710785,0,0,0
2021-03-18-23-01-54,1615828992721882696,34.41820907592774148,-119.84982299804677552,-0.092819226225385562112,0.0078630110360416779341,0.064939276580726901233,-2.0908493491234678707,0,0,0
2021-03-18-23-01-55,1615828993721770717,34.41820907592772727,-119.84982299804690342,-0.091735134138545226801,-0.014538703940175520812,0.056156508776302023478,-2.0910090917497274887,0,0,0
2021-03-18-23-01-56,1615828994721780091,34.418209075927777008,-119.84982299804691763,-0.091596943582956197316,-0.040658848667232870555,0.048986630405226577745,-2.0974214420083292509,0,0,0
2021-03-18-23-01-57,1615828995721733008,34.418209075928203333,-119.84982299804778449,-0.087822330797440811834,-0.033510787302569164381,0.057736212905157881237,-2.094046976810560956,0,0,0
2021-03-18-23-01-58,1615828996721742903,34.418209075927762797,-119.84982299804684658,-0.092817898742600796202,-0.0055304088744588591683,0.04907063520622317182,-2.0972907794826567418,0,0,0
2021-03-18-23-01-59,1615828997721766288,34.418212890624992895,-119.84982299804681816,-0.091617222762904612643,-0.025816991240118845885,0.05760929798608468988,-2.1008902330068432995,0,0,0
2021-03-18-23-02-00,1615828998721813892,34.418212890624971578,-119.84982299804761396,-0.095537991619718126701,-0.020535042791539673962,0.069639147725876940354,-2.1148681209722086649,0,0,0
2021-03-18-23-02-01,1615828999721776860,34.418212890625028422,-119.84982299804697448,-0.095001016334796017926,-0.024186515652956319666,0.062674980973148414209,-2.1116428817485997094,0,0,0
2021-03-18-23-02-02,1615829000721778162,34.418212890625426326,-119.84982299804690342,-0.098365208775473403358,-0.0030510137746825958388,0.049841404929916087452,-2.1299296264731326644,0,0,0
2021-03-18-23-02-03,1615829001722264151,34.418212890625035527,-119.84982299804694605,-0.097078896161341271531,-0.02113555288709729682,0.050571080673875092037,-2.1460624253256157523,0,0,0
2021-03-18-23-02-04,1615829002721772797,34.418212890624985789,-119.84982299804764239,-0.09369874479109269183,-0.016887417329215330397,0.065367722774578126965,-2.1639851080363383673,0,0,0
2021-03-18-23-02-05,1615829003721922223,34.418212890624758415,-119.84982299804799766,-0.098763528227303179485,0.0013044979611324901674,0.065694644455725148546,-2.1691592616673660565,0,0,0
2021-03-18-23-02-06,1615829004721793785,34.418216705321917459,-119.84982299804643446,-0.098540626041160900295,-0.012650404211086813469,0.052936115059488010604,-2.1764881846168830926,0,0,0
2021-03-18-23-02-07,1615829005721859983,34.418216705322265625,-119.849822998046875,-0.10079902057775420865,-0.02612981695374510388,0.053865643704947271941,-2.2017641714017628374,0,0,0
2021-03-18-23-02-08,1615829006722373056,34.418216705322251414,-119.84982299804710237,-0.10135431865140916152,-0.011574608904067721846,0.067999375234788370093,-2.2145057658352285124,0,0,0
2021-03-18-23-02-09,1615829007722373107,34.418216705322230098,-119.84982299804697448,-0.10037894339622782658,-0.0047850231573641670638,0.069911337298051406952,-2.2325982481970574334,0,0,0
2021-03-18-23-02-10,1615829008721803836,34.418216705322265625,-119.849822998046875,-0.10182454165135354507,-0.007622370036748329046,0.067508696982146995658,-2.2526453821113814335,0,0,0
2021-03-18-23-02-11,1615829009721815711,34.418216705322315363,-119.84982299804691763,-0.10430636491988239112,-0.033274121779157256329,0.053761573052209965518,-2.270772319757225155,0,0,0
2021-03-18-23-02-12,1615829010721782846,34.418216705322379312,-119.84982299804678973,-0.09927362232449211954,-0.026710376628665832149,0.055296332595911122654,-2.2885867081225037545,0,0,0
2021-03-18-23-02-13,1615829011721827793,34.418216705322230098,-119.84982299804694605,-0.099373088975464596295,-0.016208388103879003278,0.052515805513580454678,-2.3118300955223691773,0,0,0
2021-03-18-23-02-14,1615829012722320241,34.41821670532202404,-119.84982299804649131,-0.10214190168691446303,-0.0041169698691765812398,0.068519418915473667697,-2.3410386464262802342,0,0,0
2021-03-18-23-02-15,1615829013721762584,34.41821670532225852,-119.84981536865234375,-0.10211367681872018931,-0.010304505339113980214,0.066999369915505174733,-2.358648706727206612,0,0,0
2021-03-18-23-02-16,1615829014721787636,34.418216705322308258,-119.84981536865230112,-0.10021254975497462247,-0.012482951368365332104,0.048009348577835293803,-2.3848451336380351862,0,0,0
2021-03-18-23-02-17,1615829015721766229,34.41821670532225852,-119.84981536865234375,-0.099584432853169438382,-0.0020675238062831846793,0.065314002700254947253,-2.4132512932562466546,0,0,0
2021-03-18-23-02-18,1615829016721737531,34.418216705322755899,-119.84981536865163321,-0.10109558016218150867,-0.011003847750089897073,0.071788023968949163378,-2.4359234916421423911,0,0,0
2021-03-18-23-02-19,1615829017721770812,34.418216705322208782,-119.84981536865221585,-0.10339915722415402022,0.0024657158974649932143,0.068211563476212461188,-2.4541405909161837506,0,0,0
2021-03-18-23-02-20,1615829018721837322,34.41821670532225852,-119.84981536865234375,-0.10417413867674163441,-0.012423252284154938374,0.057123336673769148364,-2.4625918192730518186,0,0,0
2021-03-18-23-02-21,1615829019721881749,34.41821670532235089,-119.84981536865208795,-0.10356781490372689303,-0.010139278202807626428,0.069785084438658023798,-2.4829045193626360089,0,0,0
2021-03-18-23-02-22,1615829020721875134,34.418216705322628002,-119.84981536865186058,-0.10013524357306512191,-0.010780268099283804237,0.070771504768582516043,-2.4985793371243887329,0,0,0
2021-03-18-23-02-23,1615829021721819092,34.418216705322237203,-119.8498153686522727,-0.10587715433051025915,0.0014330210329759533825,0.065946490177982292069,-2.5055036253616678188,0,0,0
2021-03-18-23-02-24,1615829022721754143,34.418216705322265625,-119.84981536865232954,-0.10406357643612117181,-0.00088017754325052670241,0.049718416062426891433,-2.5054546029021786957,0,0,0
2021-03-18-23-02-25,1615829023722022424,34.418216705322237203,-119.84981536865240059,-0.10602159053358241325,-0.020983593592801857985,0.05286008170554312019,-2.5099716580819189105,0,0,0
2021-03-18-23-02-26,1615829024721877111,34.418216705322244309,-119.84981536865234375,-0.10589595992223363452,-0.028046554660493758226,0.050767035677097407942,-2.5101588548991649041,0,0,0
2021-03-18-23-02-27,1615829025721772527,34.418216705322222992,-119.84981536865245744,-0.10597138183401605405,0.007289776918874453504,0.068580413309997256821,-2.5149198288478129548,0,0,0
2021-03-18-23-02-28,1615829026721719246,34.418216705321960092,-119.8498153686522727,-0.10120515964827500599,0.011891133969782414007,0.066991077889298811243,-2.5118837976441761306,0,0,0
2021-03-18-23-02-29,1615829027721731641,34.418216705322286941,-119.8498153686522727,-0.10878330668642281764,-0.023413109902374600046,0.050962804784511088474,-2.5107910764375125368,0,0,0
2021-03-18-23-02-30,1615829028721719141,34.418216705321739823,-119.8498153686517611,-0.10586614430224304539,-0.0092493653081834673046,0.071091438406882118128,-2.5076518881973575148,0,0,0
2021-03-18-23-02-31,1615829029721960130,34.418216705322116411,-119.84981536865240059,-0.10855628441540987605,0.01112596201595137356,0.070575899153443713563,-2.5038515068342723779,0,0,0
2021-03-18-23-02-32,1615829030721786692,34.418216705322230098,-119.84981536865234375,-0.10712359241985233704,0.0025861703243969984614,0.069072277709822452185,-2.5015129772201376568,0,0,0
2021-03-18-23-02-33,1615829031721845598,34.418216705322038251,-119.84981536865194585,-0.10840308563480079151,-0.029421446701112678734,0.053167069091427723859,-2.493709570396151598,0,0,0
2021-03-18-23-02-34,1615829032721780389,34.418216705322379312,-119.84981536865288376,-0.10769026318226386507,0.0030099594511364528328,0.070635175208382791623,-2.4826307065009904917,0,0,0
2021-03-18-23-02-35,1615829033721751014,34.418216705322251414,-119.84981536865247165,-0.11211540958061937123,0.0017585365121531198237,0.050621956844186764835,-2.4659907670417755554,0,0,0
2021-03-18-23-02-36,1615829034721770493,34.418216705322343785,-119.84981536865258533,-0.10915504999262713726,-0.0028400944503375832352,0.072023021667774647647,-2.4646056829089850737,0,0,0
2021-03-18-23-02-37,1615829035721780909,34.418216705321725613,-119.84981536865024054,-0.10757579247362825114,-0.024312397234345958785,0.049423340028085377407,-2.4481960240055204991,0,0,0
2021-03-18-23-02-38,1615829036721797211,34.418216705322286941,-119.84981536865301166,-0.11313328368958484871,-0.0060841011454636027139,0.047733582325342381603,-2.4336107374288613592,0,0,0
2021-03-18-23-02-39,1615829037722200544,34.418216705322265625,-119.8498153686522727,-0.10909614779006791829,-0.010154634347894077318,0.050995248251120221805,-2.4230044739347715854,0,0,0
2021-03-18-23-02-40,1615829038721753408,34.418216705322564053,-119.84981536865269902,-0.11191968498550559918,-0.0078406102979830284705,0.070100093983853042912,-2.4143506899658304654,0,0,0
2021-03-18-23-02-41,1615829039721811220,34.418216705322194571,-119.84981536865278429,-0.11778650493265685473,0.0044731059005132340831,0.071278978414527918717,-2.3999131329532219503,0,0,0
2021-03-18-23-02-42,1615829040721900178,34.418216705322400628,-119.84981536865230112,-0.11417481785003999462,-0.0026712835160348515594,0.070999736360127838064,-2.3837705240924238481,0,0,0
2021-03-18-23-02-43,1615829041721785282,34.418216705323061433,-119.84981536865342377,-0.11397581170782920823,-0.037351477935870756875,0.055430814439488905465,-2.3711935893971394229,0,0,0
2021-03-18-23-02-44,1615829042721790854,34.418216705322464577,-119.84981536865245744,-0.11160083237199718009,0.007956953166560932697,0.066415228411131066455,-2.355623886289379687,0,0,0
2021-03-18-23-02-45,1615829043721758406,34.418216705322628002,-119.84981536865278429,-0.11410342394915051756,0.0017428756491999109098,0.050679284208321302707,-2.3379400698648682422,0,0,0
2021-03-18-23-02-46,1615829044721766999,34.418216705322592475,-119.84980773925815356,-0.1170602504538275912,-0.021440581141688883071,0.070401752194189495815,-2.3331311681838089456,0,0,0
2021-03-18-23-02-47,1615829045721755072,34.418216705322187465,-119.84980773925775566,-0.11681730724056564596,-0.034974662750444744652,0.054873377770821449295,-2.3119725588938413452,0,0,0
2021-03-18-23-02-48,1615829046721776165,34.418216705322301152,-119.84980773925775566,-0.11256405239850852951,-0.0045571967064484903212,0.052217372470672963891,-2.2867832160608028147,0,0,0
2021-03-18-23-02-49,1615829047721773352,34.418216705322166149,-119.84980773925749986,-0.11352678272641704427,-0.010286685216216126873,0.050665225166787002109,-2.2753916735830408413,0,0,0
2021-03-18-23-02-50,1615829048721846581,34.418216705322251414,-119.84980773925838093,-0.11788969819929223659,-0.010210874293966136148,0.067856608833381737433,-2.2670127661114003459,0,0,0
2021-03-18-23-02-51,1615829049721942935,34.418216705322315363,-119.84980773925744302,-0.11323426383148021968,0.00089209332527559134524,0.067560813018547882791,-2.2447666852268075566,0,0,0
2021-03-18-23-02-52,1615829050721819393,34.418216705321675875,-119.84980773925724407,-0.11819395732209010685,0.011755543773355688758,0.064596165191733015409,-2.2364129555526495174,0,0,0
2021-03-18-23-02-53,1615829051721836424,34.418216705322336679,-119.84980773925779829,-0.11344917004198326604,-0.026738264270378137716,0.059413990782904470278,-2.2158647136032247893,0,0,0
2021-03-18-23-02-54,1615829052722264028,34.418211104241748899,-119.84981254955513919,-0.12390783966792560944,0.017732332529610247973,0.0074137065763835597459,-2.2345907770232575906,0,0,0
2021-03-18-23-02-55,1615829053721881215,34.418202111496057682,-119.84982128321416894,-0.11809626111765783585,0.16016710801882863557,0.084346680482163927106,-2.3143548966820222113,0,0,0
2021-03-18-23-02-56,1615829054721812777,34.418194055066521742,-119.84983134933122528,-0.080447328417604380135,0.21359449889215209595,0.17116343512722509423,-2.5274539818874375285,0,0,0
2021-03-18-23-02-57,1615829055721723610,34.418188708957345057,-119.8498440126700757,0.033699175011676407721,0.073780239940319333747,0.17651866827034717877,-2.8599355142271498664,0,0,0
2021-03-18-23-02-58,1615829056721761266,34.418186701410256489,-119.84985732053878849,0.17781950717331304612,-0.0098143880284071241538,0.18613118409579695878,-3.0871377710815082196,0,0,0
2021-03-18-23-02-59,1615829057721761734,34.418185903015576343,-119.84987122746935029,0.33222542459616266619,0.044137687180103260531,0.15207083152993786102,-3.1068831183562788389,0,0,0
2021-03-18-23-03-00,1615829058721815119,34.418185257659089871,-119.84988469807829858,0.46610516865679868515,0.12482502457426211673,0.12778670366435704309,-3.1017931802189897539,0,0,0
2021-03-18-23-03-01,1615829059721814650,34.418184560833090302,-119.84989921855208195,0.58814094355620627486,-0.039427928301979650594,0.11013184403703255021,-3.1255420637935635853,0,0,0
2021-03-18-23-03-02,1615829060721803295,34.418183839054080408,-119.84991325704029919,0.67903401002519614416,-0.010707259392291664651,0.082845698633077544115,-3.102061149413011254,0,0,0
2021-03-18-23-03-03,1615829061721759493,34.418183049194659873,-119.84992731952851841,0.74059256070706236397,0.022303231510874370336,0.068816073468452837458,-3.1080107025114194208,0,0,0
2021-03-18-23-03-04,1615829062721734336,34.418182374746756125,-119.84994140080227965,0.79351040046650100912,0.15038834277579798959,0.054335039046947176955,-3.1123342244230451925,0,0,0
2021-03-18-23-03-05,1615829063721771419,34.418181666701741506,-119.84995548538809373,0.8316208450089145332,0.12152926384364746981,0.048781978767851695566,-3.0985908976553013794,0,0,0
2021-03-18-23-03-06,1615829064721805169,34.418180946956255184,-119.84996957974411202,0.86412927824399599075,-0.042015934029974826014,0.040840275053327344812,-3.1200212566646317036,0,0,0
2021-03-18-23-03-07,1615829065721747304,34.418180347434592647,-119.84998368423403292,0.87924627198923233085,-0.014721260718427190903,0.043711286672106747231,-3.1174015841412954231,0,0,0
2021-03-18-23-03-08,1615829066721771054,34.418180258225596901,-119.84998545665342817,0.88392419756087947658,-0.12451019325529520676,0.079302534339806482477,-3.0549022282289368668,0,0,0
2021-03-18-23-03-09,1615829067722027980,34.418180256022964159,-119.84998545314768137,0.86846937412053215599,-0.10711285468290568379,0.10792139728354030459,-3.1063687677375533269,0,0,0
2021-03-18-23-03-10,1615829068721776521,34.418180255016110891,-119.84998544937539577,0.86459142256376353419,-0.052489120422247244335,0.13980572788761705394,-3.1318775367877762505,0,0,0
2021-03-18-23-03-11,1615829069721764021,34.418180255010177859,-119.84998544763634243,0.88204390490793693758,-0.042896845892639069719,0.15989286836721691709,-3.1296385039564880159,0,0,0
2021-03-18-23-03-12,1615829070721813448,34.418180255142416968,-119.84998544579485724,0.91592472654965728651,-0.034742257340452005476,0.18571497109010551285,-3.1301858003844058587,0,0,0
2021-03-18-23-03-13,1615829071721854333,34.418180255137414747,-119.84998544520210828,0.94556786916341273308,-0.0055710981906592002555,0.14684091281283839781,-3.131111534144223274,0,0,0
2021-03-18-23-03-14,1615829072721827718,34.418180255101994192,-119.8499854450062827,0.95648964217811771604,-0.00043250813656510228491,0.14516704960561299664,3.1246773175944726475,0,0,0
2021-03-18-23-03-15,1615829073721753499,34.418180255060008221,-119.84998544478102644,0.9506470647808142882,0.012842724479481235772,0.10522415196746774668,3.1017952085626365744,0,0,0
2021-03-18-23-03-16,1615829074721761311,34.418180255052547523,-119.84998544469576132,0.93632841157432122881,0.0061828193435209182968,0.12613372767874994618,3.0807136472231690938,0,0,0
2021-03-18-23-03-17,1615829075721873081,34.418180255049364291,-119.84998544466400006,0.89784750611692332178,0.0074136780606685603878,0.11063788230089140197,3.0852634846275392988,0,0,0
2021-03-18-23-03-18,1615829076721780268,34.418180255048383742,-119.84998544463444148,0.84719887816636907374,0.011677796110106868771,0.13094157934627609352,3.0878532887548590935,0,0,0
2021-03-18-23-03-19,1615829077721813393,34.418180255047658989,-119.84998544463441306,0.79666795311218119302,-0.004959121221408313053,0.18192335287944788602,3.0778924159541714012,0,0,0
2021-03-18-23-03-20,1615829078721803497,34.418180255047758465,-119.84998544463473991,0.75066157813885647787,0.0016953430829697582142,0.1964979404343252245,3.0721479142316381328,0,0,0
2021-03-18-23-03-21,1615829079721789486,34.41818025504652212,-119.849985444636701,0.7121526617237001755,0.008608277660403092571,0.19356250104422864644,3.0500145327562631081,0,0,0
2021-03-18-23-03-22,1615829080721829902,34.418180255046443961,-119.8499854446431101,0.68134335447732741198,0.0070299863160029557943,0.15522487641934826219,3.0307992200911288982,0,0,0
2021-03-18-23-03-23,1615829081721983131,34.418180255045982108,-119.84998544464683334,0.63856844318176464448,-0.0035983068029650407127,0.14213051332153081585,3.0007585743816642676,0,0,0
2021-03-18-23-03-24,1615829082721843808,34.418180255046706861,-119.84998544465466352,0.59575654887768059176,-0.0041678157341668454344,0.15623199387900879587,2.964877940178705984,0,0,0
2021-03-18-23-03-25,1615829083721861099,34.418180255047168714,-119.84998544465891257,0.55004058018321033696,0.007767119005058919709,0.12654555298695216448,2.9496658297426456841,0,0,0
2021-03-18-23-03-26,1615829084721832453,34.418180255047573723,-119.8499854446674675,0.49681319865453921203,0.0061571638334051697478,0.11969940908693058046,2.9341498349007761881,0,0,0
2021-03-18-23-03-27,1615829085723017921,34.418180255049364291,-119.84998544467092074,0.43866422643991276331,-0.0032993730748299629485,0.14069735905431229872,2.9240371443870398771,0,0,0
2021-03-18-23-03-28,1615829086721816202,34.418180255050799587,-119.84998544467504189,0.3819291169204991343,-0.0018243389669148348756,0.13973482549496452076,2.931523098587721865,0,0,0
2021-03-18-23-03-29,1615829087721842660,34.418180255052000405,-119.84998544467782722,0.31605134261928841122,0.0067306318310042280439,0.11660878250176320847,2.955442857570389048,0,0,0
2021-03-18-23-03-30,1615829088721779431,34.418180255053037797,-119.84998544468214732,0.24703192832903103637,0.00033632413754264409069,0.14093701427182109276,2.9774179376943759046,0,0,0
2021-03-18-23-03-31,1615829089721775003,34.418180255054309669,-119.84998544469644344,0.17446100092776151147,0.00361974474573279522,0.11945742735485299912,3.011910326004902938,0,0,0
2021-03-18-23-03-32,1615829090721833805,34.418180255055382588,-119.84998544469708293,0.096767233842620758999,-0.0029827059741170847303,0.13911485646632976154,3.0213885097719672679,0,0,0
2021-03-18-23-03-33,1615829091721756044,34.418180255055538908,-119.84998544470626314,0.026002387376055171447,-0.0012979814593074997207,0.10793589869522561553,3.0391776433831463322,0,0,0
2021-03-18-23-03-34,1615829092722544689,34.418180255056626038,-119.84998544471766024,-0.054078759012970559206,-0.0026216446608360909412,0.096252979626901505328,3.0361849252058301651,0,0,0
2021-03-18-23-03-35,1615829093721752918,34.418180255057286843,-119.84998544472760784,-0.13708755092610791504,-0.0025423827653567937154,0.10605702888420273644,3.0181074468376962727,0,0,0
2021-03-18-23-03-36,1615829094721757293,34.418180255057656325,-119.84998544472927051,-0.16926038099730900122,-0.0021271849469465479304,0.053962958356422806305,3.0214397242039470193,0,0,0
2021-03-18-23-03-37,1615829095721743334,34.418285369873501622,-119.84997558593657629,-0.13347060591734524748,0.00090626897958956810324,0.049209772727435596718,3.0165415729245181886,0,0,0
2021-03-18-23-03-38,1615829096722742500,34.418273925781264211,-119.84998321533164756,-0.11230609973608703112,-0.0067069475502999457983,0.099193142319481467095,2.9988435223627627479,0,0,0
2021-03-18-23-03-39,1615829097721780573,34.418270111083892004,-119.84998321533177545,-0.12153803201246993204,-0.00023530614612804975102,0.11450746365391448189,2.995388592562866048,0,0,0
2021-03-18-23-03-40,1615829098721838645,34.418270111084105167,-119.84999084472612196,-0.14022764400218282188,0.00088346907784526995146,0.078110633523989739246,3.0029987827505006948,0,0,0
2021-03-18-23-03-41,1615829099721764791,34.418277740478480098,-119.84999847412115059,-0.1425701809075384241,-0.0031434092190786274215,0.046711223637821611132,3.0129136657121149412,0,0,0
2021-03-18-23-03-42,1615829100721862707,34.418266296386647696,-119.85000610351568184,-0.11790306834251768064,0.0059358973195405267259,0.034172441298043219893,3.0158304709872747473,0,0,0
2021-03-18-23-03-43,1615829101721828644,34.418262481689488652,-119.85000610351585237,-0.12237548458144256736,-0.0090402876830991633211,0.062409672321963927111,3.0122366511062015348,0,0,0
2021-03-18-23-03-44,1615829102721818384,34.418262481689353649,-119.85000610351529815,-0.13823669968007959441,-0.0040589214064950546873,0.078037922212629937113,3.0163768648219515534,0,0,0
2021-03-18-23-03-45,1615829103721872862,34.418266296386761383,-119.85001373291032678,-0.14139655255446878512,0.00057594356361655510423,0.091498356158742202848,3.0157921370874056777,0,0,0
2021-03-18-23-03-46,1615829104721764164,34.41826629638671875,-119.85001373291017046,-0.13174335340465390121,-0.0095904523970071417494,0.066560770016085124556,3.0257051623420507802,0,0,0
2021-03-18-23-03-47,1615829105721750466,34.418262481689488652,-119.85001373291009941,-0.13528788301699307128,-0.011454229542298592984,0.049551328987847663432,3.0293434062057382761,0,0,0
2021-03-18-23-03-48,1615829106721854736,34.418262481689481547,-119.85001373291058258,-0.13704713175049526575,0.0035241472981359673461,0.065384003599969486853,3.0280279661380240519,0,0,0
2021-03-18-23-03-49,1615829107721782652,34.4182586669921875,-119.85001373291019888,-0.12961258266942021766,0.0024943117066511992855,0.073473589322201743324,3.0312766539292708146,0,0,0
2021-03-18-23-03-50,1615829108721840881,34.418258666992159078,-119.85001373291029836,-0.12925686693085500223,-0.0060449861950111986181,0.059950481797312493715,3.0435753014563178276,0,0,0
2021-03-18-23-03-51,1615829109722728902,34.418258666992144867,-119.85001373291007098,-0.14044744659369834405,-0.0057897201383952110257,0.062311223593428659295,3.0506829105725814522,0,0,0
2021-03-18-23-03-52,1615829110721871037,34.418258666992194605,-119.85001373290936044,-0.135609175694365508,-0.0027033012249165415224,0.059523835955273940446,3.0523680134381265816,0,0,0
2021-03-18-23-03-53,1615829111721847547,34.41825485229491477,-119.85002136230470171,-0.13287647275960198789,-0.012763259975752592329,0.076493021346508718872,3.0539090452416490784,0,0,0
2021-03-18-23-03-54,1615829112721844526,34.418254852294957402,-119.85002136230470171,-0.13123586224109770604,-0.012716759221458194887,0.073110671389552586708,3.0571667229613499472,0,0,0
2021-03-18-23-03-55,1615829113722010411,34.418254852294921875,-119.85002136230473013,-0.1357670520070188569,1.6269411862992890827e-06,0.052459596486133908133,3.0644467185189809832,0,0,0
2021-03-18-23-03-56,1615829114721789733,34.418251037597663355,-119.85002136230470171,-0.13189244615001799454,-0.0056244186037810971202,0.05984781961599827671,3.0659261007858731318,0,0,0
2021-03-18-23-03-57,1615829115721744785,34.41825485229492898,-119.85002136230473013,-0.13374743216296150483,-0.0055875268215328857679,0.060935619027379692159,3.0652159779732088829,0,0,0
2021-03-18-23-03-58,1615829116721832441,34.41825485229491477,-119.85002136230500014,-0.13741093568636414401,4.0430331914926876139e-05,0.077552748373548183181,3.0563795807235396573,0,0,0
2021-03-18-23-03-59,1615829117721827857,34.418251037597663355,-119.85002136230467329,-0.13586301844222425927,-0.0040641168534853592056,0.076332480901171589904,3.0590396757260815974,0,0,0
2021-03-18-23-04-00,1615829118721803377,34.418251037597634934,-119.85002136230482961,-0.13299217648301914219,-0.013305477424772775563,0.053630290140290221013,3.0651115072839245634,0,0,0
2021-03-18-23-04-01,1615829119721770877,34.418251037597663355,-119.85002136230451697,-0.13555486473393610347,-0.0024289032239124138356,0.055737881384655331429,3.0680838193660728841,0,0,0
2021-03-18-23-04-02,1615829120721776293,34.418251037597670461,-119.85002136230450276,-0.13844948543491333859,0.00088297525782429222511,0.080958537827254636876,3.0640867204931807599,0,0,0
2021-03-18-23-04-03,1615829121721795095,34.418251037597663355,-119.85002136230467329,-0.13787892930916070822,-0.00030753610712920342136,0.060531358897440872002,3.069769138580115353,0,0,0
2021-03-18-23-04-04,1615829122721821449,34.418251037597684672,-119.85002136230470171,-0.13475219011251979295,-0.006028103882841404082,0.054698255891262093087,3.0689726594420068118,0,0,0
2021-03-18-23-04-05,1615829123721829990,34.418251037597691777,-119.85002136230460223,-0.13797632923125005555,-0.0070563925053842109156,0.076665415438584474939,3.0563749830237871841,0,0,0
2021-03-18-23-04-06,1615829124722247386,34.418251037597642039,-119.85002136230490066,-0.1358417292624665984,-0.0030830719819749585406,0.077276061344229388106,3.051935859906572901,0,0,0
2021-03-18-23-04-07,1615829125721826916,34.418251037597677566,-119.85002136230463066,-0.1402973714394509519,-0.0045943495932964885028,0.081759587712991188546,3.0434023498459148449,0,0,0
2021-03-18-23-04-08,1615829126721798583,34.418251037597507036,-119.85002136230463066,-0.13761471472227351787,-0.0020404831748650257249,0.058626609418421231357,3.0374124759102998361,0,0,0
2021-03-18-23-04-09,1615829127721768530,34.418251037597499931,-119.85002136230470171,-0.14107226339757988898,2.6600218960910302111e-05,0.081278550916380754021,3.0161771881595416112,0,0,0
2021-03-18-23-04-10,1615829128723173999,34.418254852294978718,-119.85002136230444592,-0.13582834076167521475,-0.0035372797663250936037,0.080756590167829780946,3.0020419134179898712,0,0,0
2021-03-18-23-04-11,1615829129721776186,34.418254852295156354,-119.85002136230460223,-0.13819913044770468225,-0.0087694931547439465558,0.077778406761323568008,2.9807296306568731303,0,0,0
2021-03-18-23-04-12,1615829130721894050,34.418254852295035562,-119.85002899169924717,-0.13950133614875326327,-0.0044867859580426444274,0.056277179970040260015,2.9727257507194200237,0,0,0
2021-03-18-23-04-13,1615829131721800872,34.418254852294943191,-119.85002899169860768,-0.14326200154895890604,-0.0020833798983904187017,0.060485579442319303833,2.9563791958756349132,0,0,0
2021-03-18-23-04-14,1615829132721866705,34.41825485229491477,-119.85002899169911927,-0.13691728088469107272,0.0014073979596371771327,0.059196938362929309163,2.9403741721964737899,0,0,0
2021-03-18-23-04-15,1615829133721839726,34.418254852294879242,-119.85002899169924717,-0.14241395234653131396,-0.00013845629992571912496,0.079177569206957926218,2.9166159803184523724,0,0,0
2021-03-18-23-04-16,1615829134721817538,34.418254852295042667,-119.85002899169985824,-0.13866538156014232563,-0.0082801378546373451822,0.078389705386795724418,2.9003881198391203711,0,0,0
2021-03-18-23-04-17,1615829135721760298,34.418254852294957402,-119.85002899169924717,-0.13966102354349987924,-0.002328764928235918779,0.079298392665025377313,2.8784574302317085248,0,0,0
2021-03-18-23-04-18,1615829136721897746,34.41825485229492898,-119.85002899169892032,-0.13997572110334349782,-0.00082402789922864430865,0.078369148645256972441,2.863835153808784284,0,0,0
2021-03-18-23-04-19,1615829137721776339,34.418254852294943191,-119.85002899169921875,-0.13981137973728707813,-0.0021898935203112927968,0.057219421571265680071,2.8545354254183901155,0,0,0
2021-03-18-23-04-20,1615829138721912484,34.418254852294808188,-119.85002899169953139,-0.14229662015345662107,-0.016373800425335444803,0.081856037754583374499,2.8257252593669250906,0,0,0
2021-03-18-23-04-21,1615829139721773942,34.418254852295042667,-119.8500289916991477,-0.14025517735752920934,-0.00382061166453477076,0.08086826278391957834,2.8048932265900243799,0,0,0
2021-03-18-23-04-22,1615829140722245504,34.418254852294190016,-119.85002899169978718,-0.14244545019425555732,0.0017420796744683181116,0.080749179247505062373,2.7886099196663574062,0,0,0
2021-03-18-23-04-23,1615829141721810192,34.418254852295021351,-119.85002899169950297,-0.14378672704840986252,-0.0025833317748901432793,0.057123477953762144543,2.7780365948802954179,0,0,0
2021-03-18-23-04-24,1615829142721728681,34.418258666992102235,-119.85003662109384948,-0.14010094743624190716,0.0049929435426368171114,0.058906061182616119287,2.7530100248787485739,0,0,0
2021-03-18-23-04-25,1615829143721848055,34.418258666991967232,-119.85003662109292577,-0.14117184173714558693,-0.0029604002731149327635,0.081595148080841131688,2.7270314665658328401,0,0,0
2021-03-18-23-04-26,1615829144721822118,34.418258666992223027,-119.8500366210936221,-0.14249348884078877342,-0.017396101205345463475,0.082223619920157559049,2.7082226374963012105,0,0,0
2021-03-18-23-04-27,1615829145721744409,34.41825866699235803,-119.85003662109353684,-0.14149136881318516434,-0.022950273681554368699,0.081481344046075293575,2.6885752702994589747,0,0,0
2021-03-18-23-04-28,1615829146721782533,34.418258666992194605,-119.85002899169920454,-0.14356098733773337006,9.7817153974233891369e-05,0.059372258341992244224,2.67490319723084502,0,0,0
2021-03-18-23-04-29,1615829147721755241,34.418258666992173289,-119.85002899169921875,-0.14604971088052259853,-0.0010303067070814675259,0.081241268538825656131,2.6495685995207605146,0,0,0
2021-03-18-23-04-30,1615829148721674095,34.418258666992038286,-119.85002899169833768,-0.13790588992687247138,-0.0014723893306656861846,0.062827006527533646452,2.6365934735930971478,0,0,0
2021-03-18-23-04-31,1615829149721751334,34.41825866699243619,-119.85002899169833768,-0.14367851608392565033,-0.009975376563608674696,0.085852017998913884855,2.6170888492577693007,0,0,0
2021-03-18-23-04-32,1615829150721774876,34.418258666992194605,-119.85002899169963086,-0.1380732073337927468,0.0062829503556562820224,0.062652324652932744886,2.6081539482071036673,0,0,0
2021-03-18-23-04-33,1615829151721804406,34.418258666991874861,-119.85002899169907664,-0.13966221758311708756,0.00295283055932072519,0.062657757717719225754,2.5978935560195819399,0,0,0
2021-03-18-23-04-34,1615829152721793156,34.418258666992208816,-119.85002899169927559,-0.14452094836709061809,0.01154301305090360899,0.063380685996546212713,2.5919670978555253704,0,0,0
2021-03-18-23-04-35,1615829153721837479,34.418258666992166184,-119.85002899169907664,-0.13933576060838406829,-0.013324707117729912495,0.084458877113483585286,2.5811492873842132312,0,0,0
2021-03-18-23-04-36,1615829154721808624,34.4182586669921875,-119.85002899169921875,-0.14146564405215980575,-0.019813968253537025954,0.083898522104237774344,2.5739453686063464843,0,0,0
2021-03-18-23-04-37,1615829155721785082,34.418258666992144867,-119.85002899169944612,-0.14169879830584847236,-0.0066463104805738887348,0.081939300629302089241,2.5677145491450561465,0,0,0
2021-03-18-23-04-38,1615829156722085446,34.418258666992251449,-119.85002899169917612,-0.13979725095285175374,0.012523914110747498551,0.063007929503772347468,2.5698208436586917891,0,0,0
2021-03-18-23-04-39,1615829157721835081,34.418258666992180395,-119.85002899169917612,-0.14301892083554323953,0.00015098054151887793759,0.062408060704119402984,2.5649503605976020637,0,0,0
2021-03-18-23-04-40,1615829158721874508,34.418258666992159078,-119.85002899169917612,-0.13908590066642356753,0.0015582523846815105918,0.061963343506576951114,2.5615072947725252561,0,0,0
2021-03-18-23-04-41,1615829159721765601,34.418258666992045391,-119.85002899169920454,-0.14239003958713683518,-0.0071213747387598048261,0.083764944651111006291,2.5500290989517298001,0,0,0
2021-03-18-23-04-42,1615829160721741955,34.418258666992173289,-119.85002899169911927,-0.14215005948129039171,0.0034618631277333949611,0.063153108797673232488,2.5502981037928318386,0,0,0
2021-03-18-23-04-43,1615829161722144038,34.418258666992194605,-119.85002899169927559,-0.14139719124992550237,-0.001500096534979957711,0.062389341958213537231,2.5437967673508263822,0,0,0
2021-03-18-23-04-44,1615829162721778256,34.418258666992173289,-119.85002899169921875,-0.14154421830270974558,0.0029807413262154082781,0.062172963142763777722,2.5382263356634569007,0,0,0
2021-03-18-23-04-45,1615829163721779454,34.418258666992244343,-119.85002899169944612,-0.14246887222832316233,-0.0065572531639422875632,0.081697206166749331002,2.5239539755786508657,0,0,0
2021-03-18-23-04-46,1615829164721851745,34.418258666992201711,-119.85002899169921875,-0.14055627847396370833,-0.0020666813861021098193,0.062289016022636388425,2.528887748959508297,0,0,0
2021-03-18-23-04-47,1615829165721892734,34.418258666992208816,-119.85002899169921875,-0.14347865156548389454,-0.0018402748152317773001,0.061200087007679690454,2.5160842835904722037,0,0,0
2021-03-18-23-04-48,1615829166721918463,34.418258666992272765,-119.85002899169975876,-0.14387168930587718174,0.0065602991676464031748,0.065248090932996744007,2.5080902367767898831,0,0,0
2021-03-18-23-04-49,1615829167721721588,34.418258666992223027,-119.85002899169947455,-0.14400117915293828008,-0.0087666659227999144816,0.082729681362681328771,2.4945493275240506748,0,0,0
2021-03-18-23-04-50,1615829168721830494,34.418258666992223027,-119.85002899169909085,-0.14813172787005393638,-0.017715224332272468122,0.082555439503447042293,2.4850611368304234006,0,0,0
2021-03-18-23-04-51,1615829169721763306,34.418258666992194605,-119.85002899169899138,-0.1475073797801216835,0.0044214936719508685092,0.065867444583439946348,2.487204122328486644,0,0,0
2021-03-18-23-04-52,1615829170721843983,34.418258666992194605,-119.85002899169934665,-0.14454941999183482104,0.0096846102756507016635,0.065144977863994313338,2.4829304892836705498,0,0,0
2021-03-18-23-04-53,1615829171721664868,34.418258666992343819,-119.85002899169930402,-0.14724759469653811439,0.0036006220998375266379,0.064458164633434594792,2.4773470005049835763,0,0,0
2021-03-18-23-04-54,1615829172721764763,34.4182586669921875,-119.85002899169921875,-0.14683520031987634669,-0.016767229988316503103,0.082498972548542631733,2.4626884241378670382,0,0,0
2021-03-18-23-04-55,1615829173721790648,34.418258666992180395,-119.85002899169931823,-0.14381645203594578541,0.0032791020682197986186,0.06418350525874089163,2.4642271381410800757,0,0,0
2021-03-18-23-04-56,1615829174721774606,34.418258666992073813,-119.85002899169931823,-0.14039053158991690595,0.0051674142035504173551,0.064964796912640496163,2.4613819641545622297,0,0,0
2021-03-18-23-04-57,1615829175721780439,34.418258666992215922,-119.85002899169896295,-0.14475241029541768834,-0.0020540153783743923289,0.065034044474910457367,2.4565783512730083871,0,0,0
2021-03-18-23-04-58,1615829176721862418,34.418258666992322503,-119.85002899169940349,-0.14921981109331133863,-0.014861924467367948477,0.0834247005774986089,2.4485444613245719303,0,0,0
2021-03-18-23-04-59,1615829177721712782,34.418258666991562222,-119.85002899170049773,-0.15080103052740542746,-0.0041875496562377113527,0.084818689794852589192,2.4453742978836050526,0,0,0
2021-03-18-23-05-00,1615829178721807157,34.418258666992201711,-119.85002899169953139,-0.14729663053411376494,-0.015053038902352771852,0.083264495316707209938,2.451513274520823682,0,0,0
2021-03-18-23-05-01,1615829179721782521,34.418258666992144867,-119.85002899169927559,-0.14358592813696532953,-0.011549969408101474697,0.064483251872265348603,2.4616516864864110836,0,0,0
2021-03-18-23-05-02,1615829180721779135,34.418258666991988548,-119.85002899169930402,-0.14680187865735133679,-0.012651912759170585304,0.083018044365984852706,2.4536439742763276328,0,0,0
2021-03-18-23-05-03,1615829181721749343,34.418258666992244343,-119.85002899169921875,-0.14761311817244460176,-0.0033122293589025559798,0.080611710950305684453,2.4516695472765612784,0,0,0
2021-03-18-23-05-04,1615829182721750332,34.418262481689396282,-119.85002899169921875,-0.14656399934192998469,-0.013603156548252970728,0.083932266375043002027,2.459247595518977203,0,0,0
2021-03-18-23-05-05,1615829183721701842,34.418262481689964716,-119.8500289916991477,-0.14488979183430580888,-0.0084847988304768279244,0.065433622211853878503,2.462499199088362456,0,0,0
2021-03-18-23-05-06,1615829184721848873,34.418262481689431809,-119.85002899169909085,-0.14658154618134072722,0.0060364457271176253164,0.064709513155021602948,2.4618303302565651691,0,0,0
2021-03-18-23-05-07,1615829185721800956,34.418262481689929189,-119.85002899169825241,-0.14650413966869527127,0.014019969182723858794,0.064357426878144177729,2.4593528080859665685,0,0,0
2021-03-18-23-05-08,1615829186721846060,34.418262481689268384,-119.85002899169937507,-0.14982680079032176246,-0.015184403523652851078,0.083149422546022894176,2.4525377671349204434,0,0,0
2021-03-18-23-05-09,1615829187721881216,34.41826248168946023,-119.85002899169921875,-0.14566649626744229695,-0.023525069991311903239,0.082873245447431173605,2.4485979089624061444,0,0,0
2021-03-18-23-05-10,1615829188722968142,34.418262481689509968,-119.85002899169934665,-0.1467442570439902727,-0.012408341543347321811,0.083341836386958759175,2.4454469524294504268,0,0,0
2021-03-18-23-05-11,1615829189721834496,34.418262481689851029,-119.85002899169830926,-0.14172992985891963436,0.005292351901165905613,0.064984187981005372969,2.4473023230724160193,0,0,0
2021-03-18-23-05-12,1615829190721834704,34.418262481689453125,-119.85003662109375,-0.14610671346129350257,-0.0063321527683287458579,0.065746225580783648756,2.4421559519283642103,0,0,0
2021-03-18-23-05-13,1615829191721822464,34.418262481689673393,-119.85003662109372158,-0.14441219218432740923,-0.016930335726332238627,0.080370389948030682148,2.4254643705924139319,0,0,0
2021-03-18-23-05-14,1615829192721762880,34.418262481689659182,-119.85003662109346578,-0.14728726930086594171,-0.0085130860617495546921,0.082750378950194214411,2.4187350117057251353,0,0,0
2021-03-18-23-05-15,1615829193721868297,34.418262481689552601,-119.85003662109397737,-0.14757299207562779575,-0.0032287377019122177717,0.06630436784495864766,2.42292520062629535,0,0,0
2021-03-18-23-05-16,1615829194721854442,34.418262481689517074,-119.85003662109369316,-0.14851746907873344949,-0.02353146926896130392,0.084436677995164743926,2.4098124009504777732,0,0,0
2021-03-18-23-05-17,1615829195721786213,34.418262481689403387,-119.85003662109372158,-0.14592239988514410509,-0.010035317512149949382,0.08256019489558452662,2.4023092153277962879,0,0,0
2021-03-18-23-05-18,1615829196721774441,34.418262481689303911,-119.85003662109392053,-0.14536480502600040987,-0.009752640224571505409,0.084549523299779674734,2.3972587555156104067,0,0,0
2021-03-18-23-05-19,1615829197721784181,34.418262481689318122,-119.85003662109339473,-0.14514452575365199838,-0.0091497646222468385913,0.067055325087384334837,2.3977333554757871426,0,0,0
2021-03-18-23-05-20,1615829198721753764,34.418266296387763248,-119.85003662109275524,-0.14658044459876570786,-0.024962095763920690711,0.083181388396810010399,2.3867981977235612767,0,0,0
2021-03-18-23-05-21,1615829199721762878,34.418266296386626379,-119.85003662109372158,-0.14684026707178005067,0.00032725497529991935198,0.066074518117426608854,2.3842030777598552937,0,0,0
2021-03-18-23-05-22,1615829200721731054,34.418266296386711645,-119.85003662109375,-0.14384097188300470904,-0.00067087264004870835257,0.065224034822066054295,2.3793432018693172481,0,0,0
2021-03-18-23-05-23,1615829201722639127,34.418266296387031389,-119.85003662109413369,-0.15097104227333860149,-0.024651691731122773316,0.080525634116179814481,2.3609772879220867203,0,0,0
2021-03-18-23-05-24,1615829202721738137,34.418266296386121894,-119.85003662109498634,-0.14745767400117457124,-0.018489469935977144444,0.081852630191105626989,2.3514638240819873971,0,0,0
2021-03-18-23-05-25,1615829203721836262,34.418266296386399006,-119.85003662109430422,-0.15044367319935333938,-0.010907401305548462128,0.081648751553058188102,2.3452845841922376202,0,0,0
2021-03-18-23-05-26,1615829204722079282,34.418266296386669012,-119.85003662109372158,-0.14750691358822440313,-0.01168335388294846483,0.064366720710085673085,2.3421857898868689851,0,0,0
2021-03-18-23-05-27,1615829205721840584,34.418266296387258762,-119.85003662109278366,-0.15084845715323993987,-0.012614143836163228471,0.067628848930053150901,2.3353065397200576392,0,0,0
2021-03-18-23-05-28,1615829206721825011,34.418266296386832437,-119.85003662109352263,-0.14918802056041044479,0.011960461569481606325,0.067080315244102878269,2.3173376552358750935,0,0,0
2021-03-18-23-05-29,1615829207722389385,34.418266296386704539,-119.85003662109384948,-0.14921406661268216132,-0.014214383652203484501,0.080003274846470351367,2.305700564390670948,0,0,0
2021-03-18-23-05-30,1615829208721882301,34.418266296386683223,-119.85003662109375,-0.14671878144143266076,-0.024753170322677011533,0.084655533288111817214,2.2957700500345561423,0,0,0
2021-03-18-23-05-31,1615829209721840947,34.418266296386683223,-119.8500366210942758,-0.14564607286490999227,-0.0015280319196012720918,0.069182271046765622668,2.2900012103630591476,0,0,0
2021-03-18-23-05-32,1615829210721931259,34.418266296386832437,-119.85003662109356526,-0.14609642789454579948,0.0081853457602263403337,0.069697566866979490663,2.2826370335632581998,0,0,0
2021-03-18-23-05-33,1615829211721765113,34.418266296386654801,-119.85003662109343736,-0.14416300105995780156,0.00056126572876550890473,0.067494481810725509563,2.2766929585230326616,0,0,0
2021-03-18-23-05-34,1615829212721822300,34.418266296386569536,-119.8500366210941479,-0.14727539688924559669,-0.021231336403688114145,0.081612154290779781451,2.2598801977640325944,0,0,0
2021-03-18-23-05-35,1615829213721906050,34.418266296386974545,-119.85003662109436107,-0.14898851914965388632,-0.018011780567960045119,0.08245662147542780207,2.249989541236927959,0,0,0
2021-03-18-23-05-36,1615829214721669226,34.418266296386839542,-119.8500366210940058,-0.14930149267430192772,0.0018006388756103659191,0.066772694556757286599,2.2502787398641839189,0,0,0
2021-03-18-23-05-37,1615829215721762195,34.418266296386676117,-119.85003662109382105,-0.15082187942758831789,-0.0013029167663638344717,0.068528642800606859309,2.2425659774213908548,0,0,0
2021-03-18-23-05-38,1615829216722365892,34.41826629638671875,-119.8500366210940058,-0.14952000770685278108,-0.018791430172674854909,0.083724658764791626275,2.2272259532005822535,0,0,0
2021-03-18-23-05-39,1615829217721838183,34.418266296386669012,-119.8500366210934942,-0.14652753843843757675,-0.011491668483908755102,0.085530883887940500898,2.2227075544981755861,0,0,0
2021-03-18-23-05-40,1615829218722495527,34.418266296386597958,-119.85003662109343736,-0.15168908717731854896,-0.021132193392673328386,0.079148700103478075718,2.2209608997845600165,0,0,0
2021-03-18-23-05-41,1615829219723018912,34.418266296386605063,-119.8500366210938779,-0.14807186699059737833,-0.0052786213562306351019,0.068242832193608035651,2.2297081922624593098,0,0,0
2021-03-18-23-05-42,1615829220721848599,34.418266296386747172,-119.85003662109375,-0.14962738088294683103,0.0028429886997930406412,0.067210474254597446508,2.2266606035093494675,0,0,0
2021-03-18-23-05-43,1615829221721772088,34.41826629638679691,-119.85003662109382105,-0.15025225693591170995,-0.0025226749059314448019,0.068455383064779537494,2.228573522635834081,0,0,0
2021-03-18-23-05-44,1615829222721913754,34.418266296386349268,-119.85003662109420475,-0.14606741063218309229,-0.024572348862555794952,0.084003270989723224926,2.223071883021757511,0,0,0
2021-03-18-23-05-45,1615829223721872244,34.418266296386036629,-119.85003662109384948,-0.14729658584353472195,-0.016906892996976251309,0.083564329653850896729,2.222402710365424916,0,0,0
2021-03-18-23-05-46,1615829224721814222,34.41826629638664059,-119.85003662109433265,-0.14917878584485891325,-0.015854491961017277979,0.082431079792593953126,2.2265770267492133172,0,0,0
2021-03-18-23-05-47,1615829225721768910,34.418266296386569536,-119.85003662109417633,-0.14798597515755193554,-0.01777421336521214576,0.083683820769401048856,2.2245557377886471251,0,0,0
2021-03-18-23-05-48,1615829226721766409,34.418266296386534009,-119.8500366210934942,-0.14663963605678737023,-0.0022897894252539752365,0.066411206903622316267,2.2354236058430263512,0,0,0
2021-03-18-23-05-49,1615829227721891044,34.418266296386896386,-119.85003662109394895,-0.15211145134212950003,-0.016549972081857065864,0.082566975296979025489,2.2291169395326275726,0,0,0
2021-03-18-23-05-50,1615829228721765940,34.418266296386427427,-119.85003662109377842,-0.14698297413808561473,-0.016295325782897520511,0.080410171569729543828,2.2305948278247145211,0,0,0
2021-03-18-23-05-51,1615829229721827450,34.418266296386704539,-119.85003662109392053,-0.14790745718814318765,-0.0037686868555388149636,0.067063965962737920323,2.2417072356730121108,0,0,0
2021-03-18-23-05-52,1615829230721779585,34.418266296386732961,-119.85003662109382105,-0.15045590862770719109,-0.0033013245506990493081,0.066932894615767304924,2.2409699561383491506,0,0,0
2021-03-18-23-05-53,1615829231721738334,34.418266296386669012,-119.85003662109375,-0.15010232942241993892,0.0045431082760482100272,0.067041439985420253622,2.239610371130861477,0,0,0
2021-03-18-23-05-54,1615829232721930469,34.418266296386775593,-119.85003662109382105,-0.15142003798025591155,-0.021822243322296208667,0.081331568250898281236,2.2358423753428788849,0,0,0
2021-03-18-23-05-55,1615829233721817188,34.41826629638679691,-119.85003662109402001,-0.15375374205210601275,-0.00088204576173673719316,0.068674874377930336666,2.2399669067013334711,0,0,0
2021-03-18-23-05-56,1615829234721726614,34.418266296386683223,-119.85003662109392053,-0.14734522704981276031,-0.021119131694557598256,0.082158056263574058553,2.227974516837337049,0,0,0
2021-03-18-23-05-57,1615829235721830052,34.41826629638671875,-119.85003662109372158,-0.14614440247528154293,0.0012367452316176920715,0.067328777688444932381,2.2340156005786138138,0,0,0
2021-03-18-23-05-58,1615829236721774947,34.418266296386654801,-119.85003662109420475,-0.15416353773123039894,-0.016641948872223522732,0.079491209198582032935,2.2233635250193772848,0,0,0
2021-03-18-23-05-59,1615829237721793332,34.418266296386782699,-119.85003662109382105,-0.1510995098651459756,-0.01531103579515975463,0.086586394915856484955,2.2224587038796261851,0,0,0
2021-03-18-23-06-00,1615829238721847134,34.418266296386768488,-119.85003662109382105,-0.14981254395664458934,-0.020185801525125279809,0.084845139659783769259,2.2191719804120255688,0,0,0
2021-03-18-23-06-01,1615829239722146613,34.418266296386583747,-119.85003662109365052,-0.1458885498808345782,-0.0031790034355827809058,0.068641075676905513592,2.2205017770485615536,0,0,0
2021-03-18-23-06-02,1615829240722600206,34.418266296386825331,-119.85003662109379263,-0.15183639041241286938,-0.023520669045651733386,0.081039335184881211571,2.2108616764445718772,0,0,0
2021-03-18-23-06-03,1615829241721857758,34.41826629638671875,-119.85003662109353684,-0.15488463046883721441,-0.016173871643270987947,0.083461183437179287115,2.2027777106636876603,0,0,0
2021-03-18-23-06-04,1615829242721811663,34.418266296386740066,-119.85003662109353684,-0.15280292750747986874,0.0013544961561980550964,0.069390049966574426921,2.2034395544688649693,0,0,0
2021-03-18-23-06-05,1615829243721925048,34.418266296386711645,-119.85003662109375,-0.14796583876314475803,-0.004347918244682500051,0.069334042652096555814,2.1972372512725235616,0,0,0
2021-03-18-23-06-06,1615829244721838434,34.418266296386754277,-119.85003662109377842,-0.15378234934807399892,-0.0016527540070819784351,0.068769664200026309198,2.1906185219513343299,0,0,0
2021-03-18-23-06-07,1615829245721846923,34.418266296386811121,-119.8500366210936221,-0.14939017178971272792,0.0049383797476990958994,0.069649660342053443252,2.1799467366771896337,0,0,0
2021-03-18-23-06-08,1615829246721777756,34.418266296386917702,-119.85003662109394895,-0.15400384462254859685,-0.025730380877497748687,0.07829135998339259439,2.167278202548688526,0,0,0
2021-03-18-23-06-09,1615829247721694005,34.418266296386882175,-119.85003662109379263,-0.15268214977671409893,-0.02194076583771823255,0.081105367231566388719,2.157701570950521397,0,0,0
2021-03-18-23-06-10,1615829248721826192,34.418270111083955953,-119.85003662109369316,-0.14728733277129976709,0.0012134611289815137175,0.069139324237324578659,2.1540280148358603718,0,0,0
2021-03-18-23-06-11,1615829249722001765,34.41827011108397727,-119.8500366210938779,-0.1536155144351402102,0.000375770918635698586,0.066955607572687272921,2.1522443605287526758,0,0,0
2021-03-18-23-06-12,1615829250722121765,34.418270111083884899,-119.85003662109353684,-0.15001736992432415652,-0.023441219914933090346,0.083388673736236332279,2.1270050024101530006,0,0,0
2021-03-18-23-06-13,1615829251721781712,34.418270111083941742,-119.85003662109372158,-0.15141121391770029359,-0.021801382991224204505,0.083340501995032165161,2.1155601199415698943,0,0,0
2021-03-18-23-06-14,1615829252721844837,34.418270111084062535,-119.85003662109356526,-0.15415609514353922904,-0.018789001754948849582,0.083122705469081473173,2.1009359587187721452,0,0,0
2021-03-18-23-06-15,1615829253721925513,34.418270111084012797,-119.85003662109397737,-0.15204007613632802842,-0.0019817371474395999338,0.069502808552883973969,2.0978453677479693695,0,0,0
2021-03-18-23-06-16,1615829254721804888,34.418270111083920426,-119.8500366210934942,-0.15033539188923958352,-0.0043855144899024259969,0.068357252457520348288,2.0843677696522777687,0,0,0
2021-03-18-23-06-17,1615829255722511346,34.418270111084012797,-119.85003662109372158,-0.15235535913875108971,-0.019615076998215661558,0.083413468017740716176,2.0588496016881290274,0,0,0
2021-03-18-23-06-18,1615829256722219939,34.418270111083984375,-119.85003662109375,-0.153076538501512871,-0.018476716834231819708,0.079012278089329049391,2.0433253337893808599,0,0,0
2021-03-18-23-06-19,1615829257721837804,34.418270111083948848,-119.85003662109352263,-0.15524938199090376756,-0.023578454639725798803,0.080241617938670836696,2.0300333721150209954,0,0,0
2021-03-18-23-06-20,1615829258721729678,34.418270111084090956,-119.85003662109379263,-0.15721459508338780919,-0.007341287338371119478,0.071629530309598163362,2.0205746268135134081,0,0,0
2021-03-18-23-06-21,1615829259721960511,34.418270111083835161,-119.85003662109352263,-0.15152903716799659417,0.0024203668921408132315,0.070555552010370531368,1.9964981879585079749,0,0,0
2021-03-18-23-06-22,1615829260721949521,34.418270111084311225,-119.85003662109339473,-0.15078128136989618624,-0.025482590844534334235,0.078124306802965462482,1.9734516775252213261,0,0,0
2021-03-18-23-06-23,1615829261721771812,34.418270111083948848,-119.85003662109339473,-0.15019272094389132799,-0.025443123505406922691,0.07744849077099649759,1.9480306936620928049,0,0,0
2021-03-18-23-06-24,1615829262721821187,34.4182701110841478,-119.85004425048798282,-0.15741630763575606422,-0.022155999334543013957,0.081561935196096044254,1.9337999662366491815,0,0,0
2021-03-18-23-06-25,1615829263721806343,34.418270111084105167,-119.85004425048842336,-0.15569850550332703376,-0.0024543770175967137906,0.071746739875520854079,1.9198455155135849548,0,0,0
2021-03-18-23-06-26,1615829264721771238,34.418270111084048324,-119.85004425048822441,-0.1556637525304255254,-0.010355960318952877122,0.051537679623702252474,1.8900456900390028014,0,0,0
2021-03-18-23-06-27,1615829265721846655,34.418270111084005691,-119.85004425048798282,-0.14857553828468195167,0.0016926042054000057114,0.07181783850756012777,1.8726565100845815603,0,0,0
2021-03-18-23-06-28,1615829266721828217,34.418270111083970164,-119.85004425048829546,-0.15231541224626954367,-0.021711459191214557002,0.076353945677482909504,1.8398814700905039565,0,0,0
2021-03-18-23-06-29,1615829267721817591,34.41827011108389911,-119.85004425048823862,-0.15507628941484438712,-0.027314911957330757081,0.073669457596312715175,1.8149267415620975452,0,0,0
2021-03-18-23-06-30,1615829268721693008,34.41827011108389911,-119.85004425048852283,-0.15229279407195697726,-0.0087436126761922285111,0.069914740716550891064,1.8002639004670273337,0,0,0
2021-03-18-23-06-31,1615829269721749257,34.418270111083970164,-119.85004425048829546,-0.15444268870585348141,0.0093638112538077210301,0.071751027667831243639,1.7822152592836195684,0,0,0
2021-03-18-23-06-32,1615829270722719830,34.418270111084034113,-119.85004425048829546,-0.15647371219987579738,-0.053067809588275338673,0.074322376253709451777,1.7638002641235908108,0,0,0
2021-03-18-23-06-33,1615829271721959204,34.418270111083955953,-119.85004425048974497,-0.15783801147163506462,-0.13560781311058714427,0.070397164185262095515,1.7494273236939099636,0,0,0
2021-03-18-23-06-34,1615829272721868840,34.418270111083870688,-119.85004425049150711,-0.15641706238713609656,-0.059233960750271000273,0.073126713222174261064,1.7443129411572546594,0,0,0
2021-03-18-23-06-35,1615829273721854777,34.418270111083856477,-119.85004425048816756,-0.15439215273397630113,0.043087924063451049639,0.069533288271558163496,1.6548015232450798973,0,0,0
2021-03-18-23-06-36,1615829274721820089,34.41827011108397727,-119.85004425048803967,-0.15684217320610133184,-0.032129597713452820451,0.082044928443506623394,1.6198354597176756187,0,0,0
2021-03-18-23-06-37,1615829275721806286,34.418270111084041218,-119.85004425048865073,-0.15334469561751867817,-0.023972008753561726419,0.075030726184266774426,1.6066365408781837498,0,0,0
2021-03-18-23-06-38,1615829276721887067,34.418270111084083851,-119.85004425048826704,-0.15723638637181575062,0.023281165487506479128,0.071106186510560387415,1.5717500053034769714,0,0,0
2021-03-18-23-06-39,1615829277721821233,34.418270111083629104,-119.85004425048919074,-0.15319485450525072157,0.021272046035756130011,0.067410602356225937659,1.5440547138449483011,0,0,0
2021-03-18-23-06-40,1615829278721873316,34.418270111083700158,-119.85004425048748544,-0.15327381929176725484,-0.053377101537815989374,0.054721969427719827084,1.5266170214553824724,0,0,0
2021-03-18-23-06-41,1615829279721839722,34.418270111083970164,-119.85004425048829546,-0.15763531584655432471,-0.014902361223604198778,0.068395598245056782316,1.4937075671916153485,0,0,0
2021-03-18-23-06-42,1615829280721810972,34.418270111083884899,-119.8500442504884802,-0.15953500538344073112,0.017409811220698210438,0.074454290003982542823,1.4589978310550111296,0,0,0
2021-03-18-23-06-43,1615829281721776232,34.418270111083963059,-119.85004425048798282,-0.15662287388296899926,-0.0092707897343069882445,0.072213645550207608559,1.4136737566643604591,0,0,0
2021-03-18-23-06-44,1615829282721880711,34.418270111083934637,-119.8500442504883523,-0.15721072106224043274,-0.013907595977792884881,0.072572146361433553796,1.3986822223677239929,0,0,0
2021-03-18-23-06-45,1615829283722687481,34.418270111084005691,-119.8500442504883523,-0.15805671205912383281,0.0061417027212327954602,0.069684395474078092425,1.3729946810253972345,0,0,0
2021-03-18-23-06-46,1615829284721749981,34.418270111083934637,-119.85004425048845178,-0.15926486384366636551,0.0081899424191543401114,0.072172018382867839104,1.3509518632074961619,0,0,0
2021-03-18-23-06-47,1615829285721795657,34.41827011108389911,-119.85004425048819598,-0.15607391891428865072,-0.049689549153723297503,0.066713838129008065647,1.3158433109596390231,0,0,0
2021-03-18-23-06-48,1615829286721793053,34.418270111083877794,-119.85004425048691701,-0.16157480035960722353,-0.0023514585741889809309,0.068742594845027121808,1.2837753612027062999,0,0,0
2021-03-18-23-06-49,1615829287722253053,34.418270111083501206,-119.85004425048514065,-0.15626164284730600929,0.032173447525118727131,0.070844710198342736307,1.2562495622633491621,0,0,0
2021-03-18-23-06-50,1615829288721813938,34.418270111083998586,-119.85004425048826704,-0.1550686245142303965,-0.016583786738873503713,0.068386352161270355654,1.2396641036225177768,0,0,0
2021-03-18-23-06-51,1615829289721876854,34.418270111084034113,-119.85004425048823862,-0.16252382469648030128,-0.0346497758293406663,0.072374852955585919356,1.2115299619077319893,0,0,0
2021-03-18-23-06-52,1615829290721879093,34.418270111083941742,-119.85004425048829546,-0.15662264696761213356,-0.0080530265891161634251,0.064549363705772161426,1.1775439543716526014,0,0,0
2021-03-18-23-06-53,1615829291721853416,34.418270111083984375,-119.85004425048829546,-0.15810678543168704691,-0.0025417716688213181676,0.064713828166688580623,1.1598295604062889286,0,0,0
2021-03-18-23-06-54,1615829292721863728,34.418270111084098062,-119.85004425048836652,-0.1613865379759653329,-0.042843969790974642531,0.076272230806180868479,1.1598770338806236868,0,0,0
2021-03-18-23-06-55,1615829293721846540,34.418270111085725205,-119.85005187988670627,-0.15559307854978718377,-0.029460572390037000068,0.074993771947846885051,1.1275181700104595084,0,0,0
2021-03-18-23-06-56,1615829294721779144,34.418266296386605063,-119.85005187988286934,-0.15988803666222711763,0.010234324432962986148,0.064849635807376529439,1.1018281350691567777,0,0,0
2021-03-18-23-06-57,1615829295721872633,34.418266296386725855,-119.85005187988279829,-0.15750651509646912407,0.019233695382936667057,0.07155293079738209161,1.1011541409396066182,0,0,0
2021-03-18-23-06-58,1615829296721919455,34.418266296386896386,-119.85005187988348041,-0.16340811774259383915,-0.042332126285024994361,0.066102229739341766823,1.0833820237643867479,0,0,0
2021-03-18-23-06-59,1615829297721900497,34.418266296387955094,-119.85005187988760156,-0.15453682011713651412,-0.039419975107921216562,0.061580560780307810886,1.0722625514307027039,0,0,0
2021-03-18-23-07-00,1615829298721783309,34.418266296386590852,-119.85005187988299724,-0.1553845833940100396,-0.015597618090933924179,0.06242122609736031752,1.061074009623103942,0,0,0
2021-03-18-23-07-01,1615829299721853048,34.41826629638671875,-119.8500518798828125,-0.15511681828828902119,0.0022988559942319609052,0.072080396393158274737,1.0624069050844273665,0,0,0
2021-03-18-23-07-02,1615829300721931329,34.418266296386740066,-119.85005187988264197,-0.15901430866422944232,-0.014660542037624398753,0.071133379944207167367,1.0630694509728351171,0,0,0
2021-03-18-23-07-03,1615829301721842318,34.418266296386725855,-119.85005187988284092,-0.15661545910810090176,-0.0097616102267706981316,0.069315499244751013763,1.0522839949459117381,0,0,0
2021-03-18-23-07-04,1615829302721796901,34.41826629638671875,-119.8500518798828125,-0.15645896519538218805,-0.016347406235616781384,0.068946546450808082751,1.0454034812499641838,0,0,0
2021-03-18-23-07-05,1615829303721843307,34.418266296386654801,-119.85005187988232933,-0.15569930976565279912,-0.016582546937232559014,0.061710737023072233243,1.0457894854863938328,0,0,0
2021-03-18-23-07-06,1615829304721733567,34.418266296386761383,-119.85005187988248565,-0.16112079188268657592,0.0065271223241873746468,0.072719321648689244642,1.0682540713405976884,0,0,0
2021-03-18-23-07-07,1615829305722145442,34.41826629638671875,-119.8500518798828125,-0.15717534626483128934,-0.0022695606806595425113,0.068824327358926129516,1.0787920009789244702,0,0,0
2021-03-18-23-07-08,1615829306721952368,34.418266296386413217,-119.85005187988235775,-0.15418962706535291329,-0.021509934268091401161,0.049744831087583339657,1.0931321288259880919,0,0,0
2021-03-18-23-07-09,1615829307721827784,34.418266296386562431,-119.85005187988284092,-0.15801679878460600515,-0.028655323571516875397,0.052405792192807366947,1.1039171904740201491,0,0,0
2021-03-18-23-07-10,1615829308721863149,34.418266296386704539,-119.85005187988289777,-0.15877219482942417361,-0.032154602618339335474,0.054012734798511603806,1.110275405026229345,0,0,0
2021-03-18-23-07-11,1615829309721859555,34.418266296386519798,-119.85005187988244302,-0.15740720740369479325,-0.0048891626868419841775,0.063574419393240225173,1.1276067995978524827,0,0,0
2021-03-18-23-07-12,1615829310721777471,34.418266296386818226,-119.85005187988302566,-0.15381948731565922572,-0.0099747687388568942457,0.063368229000174414178,1.1445071568531792749,0,0,0
2021-03-18-23-07-13,1615829311721876950,34.418266296387066916,-119.85005187988279829,-0.15697584704420899926,-0.048670943533811697468,0.056258208709082789534,1.1667638111564651027,0,0,0
2021-03-18-23-07-14,1615829312721837887,34.41826629638671875,-119.8500518798828125,-0.15352267900287328017,-0.028362306042657003252,0.069599146854336088608,1.191431445911089515,0,0,0
2021-03-18-23-07-15,1615829313721825386,34.418266296386541114,-119.85005187988244302,-0.155012079867597935,0.010208250570849456557,0.06824597614202086715,1.2091677445153732329,0,0,0
2021-03-18-23-07-16,1615829314721895230,34.418266296386654801,-119.85005187988267039,-0.15886181224634393638,-0.0034778100152567789291,0.060000715873145649137,1.2211186428015994299,0,0,0
2021-03-18-23-07-17,1615829315721839709,34.418266296386356373,-119.85005187988315356,-0.15931130658042325088,-0.042260409971792180228,0.063038129380629692733,1.2499036973722053023,0,0,0
2021-03-18-23-07-18,1615829316721817573,34.418266296386654801,-119.85005187988271302,-0.15851901924281838752,0.0008368744440706764277,0.066270159896786695608,1.2921615429179595935,0,0,0
2021-03-18-23-07-19,1615829317721864239,34.41826629638664059,-119.8500518798830683,-0.16180742865739150549,0.021578079307175875023,0.070066955701937147505,1.30418829462877639,0,0,0
2021-03-18-23-07-20,1615829318721861009,34.418266296386690328,-119.85005187988289777,-0.16035215100481173267,-0.0085677009602945376071,0.066982271489448574897,1.3439232994754928274,0,0,0
2021-03-18-23-07-21,1615829319721827103,34.41826629638671875,-119.85005187988284092,-0.15782389249839814949,-0.034717483299657278528,0.06556660071296986636,1.361155233216412519,0,0,0
2021-03-18-23-07-22,1615829320721740280,34.418266296386747172,-119.85005187988340936,-0.15758138396421164651,0.00096257634033199287408,0.067064978547006395826,1.3845024732185309269,0,0,0
2021-03-18-23-07-23,1615829321721843821,34.418266296386768488,-119.85005187988279829,-0.15727611174122044235,-0.012059322113033310933,0.072828590391973341278,1.4311496893962460941,0,0,0
2021-03-18-23-07-24,1615829322722018508,34.41826629638671875,-119.8500518798828125,-0.158430525808542777,-0.0089229039589313711989,0.069431875536937665006,1.4593322107863953008,0,0,0
2021-03-18-23-07-25,1615829323721792830,34.418266296385731096,-119.85005187987846398,-0.16653375637557837896,0.166483766870110933,-0.0094174911956005219471,1.519139773803440896,0,0,0
2021-03-18-23-07-26,1615829324722042934,34.418266296389461445,-119.85005187987434283,-0.21977167802196717616,0.23407869196550129542,0.0047495819356488475776,1.593070603782259953,0,0,0
2021-03-18-23-07-27,1615829325721804809,34.418270111083984375,-119.8500518798828125,-0.23079191430037737653,0.049048729722643333306,0.070185375352461346066,1.7788897660973974624,0,0,0
2021-03-18-23-07-28,1615829326722276475,34.418270111084332541,-119.85005187988248565,-0.23645539087203384931,-0.12521546526313398484,0.0011935487171724457837,1.9839211572473958167,0,0,0
2021-03-18-23-07-29,1615829327721725641,34.418270111086258112,-119.85005950927576635,-0.23960258522341817966,0.0093289257446743344138,0.079209538065831350262,2.1889420987060832502,0,0,0
2021-03-18-23-07-30,1615829328721845433,34.418273925784689027,-119.85005950927416052,-0.2484297829258469148,-0.16976768861638527608,0.034538963010550281785,2.2804666610854700259,0,0,0
2021-03-18-23-07-31,1615829329721847099,34.41827392578083078,-119.85005950927634899,-0.2503684517090541406,-0.059248344260653992843,0.058765493244249324134,2.2210346625574022283,0,0,0
2021-03-18-23-07-32,1615829330721824442,34.418273925782372658,-119.85005950927545371,-0.25738489717395007794,0.033626561196678318721,0.0408905540327552941,2.1776985944555411479,0,0,0
2021-03-18-23-07-33,1615829331722107932,34.41827774047850852,-119.85005950927703111,-0.25958374271455003646,-0.021725433936760536052,0.075965340896611444066,2.0219205640325554896,0,0,0
2021-03-18-23-07-34,1615829332721849910,34.418277740478515625,-119.85006713867188921,-0.25707430588883445344,0.15695198187307476956,0.030964792412349301937,1.9013786681283109115,0,0,0
2021-03-18-23-07-35,1615829333721845535,34.418277740478387727,-119.85006713867211658,-0.25690789424135401786,0.14491702099478748211,0.055577470182169172452,1.8270166113405821307,0,0,0
2021-03-18-23-07-36,1615829334721833764,34.418277740478536941,-119.85007476806649152,-0.26105325468600043548,0.057820106200564332088,0.055359160564608690669,1.7790075088082510923,0,0,0
2021-03-18-23-07-37,1615829335721801628,34.418277740478558258,-119.85007476806646309,-0.26252581470546865194,0.19732533960264711514,0.071974018902282735355,1.7475651698512792986,0,0,0
2021-03-18-23-07-38,1615829336722223815,34.418277740478821158,-119.85007476806623572,-0.2518879441668796515,0.082243354456942058262,0.028922810482866344317,1.7032907913138728428,0,0,0
2021-03-18-23-07-39,1615829337721773919,34.418277740478536941,-119.85008239746103698,-0.25060335963361851652,-0.011723154804830706807,0.0048594829768743973836,1.6326545249271544602,0,0,0
2021-03-18-23-07-40,1615829338721775116,34.418281555175923359,-119.85008239746042591,-0.25167818258246343888,0.0037415749187878597111,0.030632591034556625603,1.6627283028287489497,0,0,0
2021-03-18-23-07-41,1615829339721856679,34.418281555175099129,-119.8500823974609375,-0.26029477657871741281,0.14757040750133593177,0.012328361814616087613,1.7827515672857086049,0,0,0
2021-03-18-23-07-42,1615829340721758657,34.418281555175575193,-119.8500823974611933,-0.25897631373538831934,-0.02626195263918216713,0.0087170224279690868702,1.7522350336436580687,0,0,0
2021-03-18-23-07-43,1615829341721865532,34.418281555175788355,-119.85007476806640625,-0.25961153700033906544,-0.034639068754366113267,0.011361663101314874169,1.5074377714548075069,0,0,0
2021-03-18-23-07-44,1615829342721787719,34.41828155517578125,-119.85007476806653415,-0.25701675741879181913,-0.040901868964126494865,0.014904504121683908452,1.4669934479501014479,0,0,0
2021-03-18-23-07-45,1615829343721800323,34.418281555175759934,-119.8500747680663352,-0.25876184391341894298,-0.065740286562526811798,-0.0062963948283615185642,1.3889969125781589376,0,0,0
2021-03-18-23-07-46,1615829344721820635,34.418281555176740483,-119.85007476806272564,-0.24932882812145440443,-0.029595770775464266128,0.030014256263998919522,1.3948890666081665834,0,0,0
2021-03-18-23-07-47,1615829345721847822,34.418281555175020969,-119.85007476806276827,-0.25026458185564010028,0.067468045526708708692,0.0099667293331797933431,1.3873548258398311628,0,0,0
2021-03-18-23-07-48,1615829346721781468,34.418281555176513109,-119.85007476807300009,-0.25038624243884577414,0.10978037737468357427,0.0075687861584008368082,1.4399907214133869093,0,0,0
2021-03-18-23-07-49,1615829347721773030,34.418281555174701225,-119.8500747680656815,-0.24469297175058085658,0.10935204214501696718,-0.020472711465630046013,1.5112058548633162669,0,0,0
2021-03-18-23-07-50,1615829348721820061,34.418281555175241238,-119.85007476806579518,-0.24159473994672028829,-0.048251529515877952803,-0.00030708827156122029973,1.5175697425618486225,0,0,0
2021-03-18-23-07-51,1615829349722270425,34.418281555175319397,-119.85007476806433147,-0.24440488678090013797,0.0099278367410902436385,-0.002577387129701922807,1.4204106702163343812,0,0,0
2021-03-18-23-07-52,1615829350721762924,34.418281555177919984,-119.85007476806990212,-0.23881328029586823547,-0.014543239517808451838,0.024978183484982059009,1.2740934577469351652,0,0,0
2021-03-18-23-07-53,1615829351721806674,34.418281555174495168,-119.85007476806653415,-0.24031967876884105517,-0.020869037068605964663,0.029870520634352436262,1.3543185048519497116,0,0,0
2021-03-18-23-07-54,1615829352722287038,34.418281555174672803,-119.85007476806939053,-0.24257427223723002085,-0.0088205481831012070432,-0.0060694957954835230748,1.6101994634590330868,0,0,0
2021-03-18-23-07-55,1615829353721773965,34.418281555176314157,-119.85007476806559623,-0.2445604076487612466,0.016686158187091921362,0.036976426817034571681,1.6938888425152358597,0,0,0
2021-03-18-23-07-56,1615829354721781621,34.418281555175681774,-119.85007476806524096,-0.23781487748254689918,-0.061235691989935732427,0.025991868076215875194,1.672158715753909064,0,0,0
2021-03-18-23-07-57,1615829355721836620,34.418281555175468611,-119.85008239746078118,-0.23987508657099632092,-0.092306395396859031166,0.023744455511048808555,1.8240081486477566219,0,0,0
2021-03-18-23-07-58,1615829356721910891,34.418281555176982067,-119.85008239745829428,-0.24120176923531114199,-0.041877422368385798512,-0.0013584929977408361206,1.7201520692729932449,0,0,0
2021-03-18-23-07-59,1615829357721802349,34.418281555175873621,-119.85008239745378944,-0.24670320266660364372,-0.65290124200241195229,0.031151841050245765441,1.77662079869663736,0,0,0
2021-03-18-23-08-00,1615829358721829015,34.418281555175546771,-119.85008239746062486,-0.25331638302473680202,-0.64948039524451639526,0.023587220820273792354,1.7839690421980076707,0,0,0
2021-03-18-23-08-01,1615829359721769327,34.418281555175887831,-119.85008239746078118,-0.25740214506201275491,-0.5639757591642490242,0.035348522342060539891,1.9050431295479040017,0,0,0
2021-03-18-23-08-02,1615829360721779171,34.41828155517660548,-119.85008239745768321,-0.24648395433298939117,-0.12593547346455660763,0.024868821663487538504,1.8607871377539804136,0,0,0
2021-03-18-23-08-03,1615829361721746253,34.41828155517004717,-119.8500823974732441,-0.22553250563190327393,0.10106310235452041491,0.0046168165834206114501,1.8698976105543090309,0,0,0
2021-03-18-23-08-04,1615829362722014326,34.418281555175731512,-119.85008239746113645,-0.2200848046104778577,0.12045337208168975518,0.013841026424898003264,1.8736112480708038142,0,0,0
2021-03-18-23-08-05,1615829363721769430,34.418277740478593785,-119.8500823974606817,-0.21412075668658669958,0.038848885299859171882,-0.00086029166291629423965,1.8150273855255132371,0,0,0
2021-03-18-23-08-06,1615829364721847659,34.41827774047852273,-119.85008239746085223,-0.20618012530989471287,-0.049533414470551526132,0.0034557270319473406238,1.7838239641135087421,0,0,0
2021-03-18-23-08-07,1615829365721755523,34.418277740478515625,-119.8500823974609375,-0.2098684848038812889,-0.10080237357654385499,0.014252574637170547719,1.7521332040694657106,0,0,0
2021-03-18-23-08-08,1615829366721765262,34.418277740478671944,-119.85009002685519874,-0.20449328540790598363,-0.12562061581385189357,0.017137896347801755831,1.678826974568588648,0,0,0
2021-03-18-23-08-09,1615829367721852189,34.418277740478060878,-119.85009002685616508,-0.20010514159931222511,-0.094801880172031394167,0.036802647529675283633,1.6406387525214840561,0,0,0
2021-03-18-23-08-10,1615829368721740626,34.418277740479112481,-119.8500900268484628,-0.20937586168292274258,0.10054551246192133807,-0.0075964214752824851459,1.616440734037000837,0,0,0
2021-03-18-23-08-11,1615829369722110313,34.418277740478394833,-119.85009002685606561,-0.21337885469202644284,0.0073662865580817367406,-0.0018226201413090500209,1.5956211857751010363,0,0,0
2021-03-18-23-08-12,1615829370721750729,34.418277740478551152,-119.85009002685519874,-0.20534042167598004491,-0.029670493925670161223,0.017321607290356307723,1.5874383956233051318,0,0,0
2021-03-18-23-08-13,1615829371724113281,34.418273925780198397,-119.85009002685261237,-0.20507067645316215398,-0.089145533927511066974,0.017570685221757035427,1.586244246632585897,0,0,0
2021-03-18-23-08-14,1615829372721800885,34.418273925781015521,-119.85009002685494295,-0.19879669031664201628,-0.063478067518915479162,0.00024068855578273832358,1.5379765295555178906,0,0,0
2021-03-18-23-08-15,1615829373721767603,34.418273925781264211,-119.85009002685531243,-0.20311598402897182436,-0.014983970608357719337,0.0090207743439599287483,1.4786848937344427846,0,0,0
2021-03-18-23-08-16,1615829374721850363,34.418273925781264211,-119.85009002685538348,-0.20907230489657846473,-0.024095992024452516506,0.0099583900562993897532,1.4542233926656551457,0,0,0
2021-03-18-23-08-17,1615829375721847238,34.418277740478544047,-119.85009002685555402,-0.20396876353032539209,-0.071069564772505547379,0.00058644642586319899614,1.4308133198039216794,0,0,0
2021-03-18-23-08-18,1615829376721697602,34.418277740478366411,-119.85009765625031264,-0.20742109598868874176,-0.093679345862038174153,0.0071522205429768266269,1.4001168395695662294,0,0,0
2021-03-18-23-08-19,1615829377721737341,34.418277740478266935,-119.85009765624982947,-0.20867052302124924901,-0.084630523125592896361,0.014970199165265566862,1.3708801751660075752,0,0,0
2021-03-18-23-08-20,1615829378721773434,34.41827774047875721,-119.85009765625135003,-0.20611126911638708026,-0.082078857064368043739,-0.0041927486256503618614,1.2958804399691976617,0,0,0
2021-03-18-23-08-21,1615829379721768903,34.418277740479140903,-119.85009765625059686,-0.21740740052474852306,-0.069038908915435015512,0.012216396701420991627,1.3311808671740692489,0,0,0
2021-03-18-23-08-22,1615829380721798694,34.418277740479389593,-119.85009765625079581,-0.22066735247845525869,-0.024729252991979852605,0.016735151461267833151,1.4639306399246692081,0,0,0
2021-03-18-23-08-23,1615829381721853381,34.418277740478380622,-119.85009765625024158,-0.2282455238504359496,-0.026055692976005941086,-0.012291204129992636465,1.5257384418548012306,0,0,0
2021-03-18-23-08-24,1615829382721887131,34.418277740479084059,-119.85009765625207478,-0.22580729357050896566,-0.080631058723560272705,-0.0019450293205479987635,1.4781726192113586738,0,0,0
2021-03-18-23-08-25,1615829383721817860,34.418277740479055637,-119.85009765625008527,-0.22438534416755462342,-0.11141891792051801524,-0.03930008250235599021,1.4620559159783104164,0,0,0
2021-03-18-23-08-26,1615829384721800724,34.418277740479034321,-119.85009765624992895,-0.22438251476000548035,-0.13964929400661157954,-0.0047246219837542924661,1.4288218089581357084,0,0,0
2021-03-18-23-08-27,1615829385722105880,34.418277740478458782,-119.85009765624896261,-0.21687012250042742023,-0.093232177437921656682,-0.0086298439239004664375,1.5167832783339370017,0,0,0
2021-03-18-23-08-28,1615829386721778484,34.418277740478480098,-119.85009765625046896,-0.21372836009147894165,-0.02977683910978008025,-0.013012888365238766547,1.5749012407504259237,0,0,0
2021-03-18-23-08-29,1615829387721786296,34.418277740478110616,-119.85009765624940314,-0.21479075691320620445,-0.079588753476741769255,-0.0041652238754466197265,1.6193059105252793906,0,0,0
2021-03-18-23-08-30,1615829388721761295,34.418277740477627447,-119.85009765624756994,-0.21960128462824354822,-0.0036269718776515483261,-0.0086052789968436970564